adapter_revision,cell_seconds,checksum,estimator,fit_seconds,implementation,k,library_version,memory_cap_bytes,n,peak_rss_bytes,predicted_peak_bytes,python,returncode,seed,status,stderr_tail,timeout_seconds,timestamp_utc,wall_seconds
2,0.0025262499693781137,0.0,ABCOLS,0.000388041022233665,crabbymetrics,5,0.9.0,1421770752,1000,44580864,201646592,3.12.9,0,1729,ok,,10.0,2026-09-09T15:25:05.252791+00:00,0.12639758305158466
2,0.006524458061903715,0.0,ABCOLS,0.004226749995723367,crabbymetrics,5,0.9.0,1421770752,10000,13221888,204526592,3.12.9,0,1729,ok,,10.0,2026-09-09T15:25:05.380255+00:00,0.13357762491796166
2,0.053512750077061355,0.0,ABCOLS,0.04858220799360424,crabbymetrics,5,0.9.0,1421770752,100000,118177792,233326592,3.12.9,0,1729,ok,,10.0,2026-09-09T15:25:05.514664+00:00,0.13242754200473428
2,0.0037587920669466257,0.0,ABCOLS,0.0017611249350011349,crabbymetrics,20,0.9.0,1421770752,1000,13910016,202606592,3.12.9,0,1729,ok,,10.0,2026-09-09T15:25:05.648069+00:00,0.0671167909167707
2,0.020223167026415467,0.0,ABCOLS,0.017328209010884166,crabbymetrics,20,0.9.0,1421770752,10000,59686912,214126592,3.12.9,0,1729,ok,,10.0,2026-09-09T15:25:05.715824+00:00,0.13106395897921175
2,0.3193626670399681,0.0,ABCOLS,0.3085020000580698,crabbymetrics,20,0.9.0,1421770752,100000,202178560,329326592,3.12.9,0,1729,ok,,10.0,2026-09-09T15:25:05.847725+00:00,0.4403439169982448
2,0.0021610830444842577,0.0,OLS,0.00013116595800966024,crabbymetrics,5,0.9.0,1421770752,1000,43974656,201526592,3.12.9,0,1729,ok,,10.0,2026-09-09T15:25:06.288891+00:00,0.12123666703701019
2,0.00293366692494601,0.0,OLS,0.0006165000377222896,crabbymetrics,5,0.9.0,1421770752,10000,14778368,203326592,3.12.9,0,1729,ok,,10.0,2026-09-09T15:25:06.410796+00:00,0.12139900005422533
2,0.010151666938327253,0.0,OLS,0.005537791992537677,crabbymetrics,5,0.9.0,1421770752,100000,13942784,221326592,3.12.9,0,1729,ok,,10.0,2026-09-09T15:25:06.532903+00:00,0.13095745898317546
2,0.002312666969373822,0.0,OLS,0.00042875006329268217,crabbymetrics,20,0.9.0,1421770752,1000,15646720,202126592,3.12.9,0,1729,ok,,10.0,2026-09-09T15:25:06.664684+00:00,0.069029959035106
2,0.008526792051270604,0.0,OLS,0.005667375051416457,crabbymetrics,20,0.9.0,1421770752,10000,15450112,209326592,3.12.9,0,1729,ok,,10.0,2026-09-09T15:25:06.734472+00:00,0.1311272499151528
2,0.07763508299831301,0.0,OLS,0.0663409170228988,crabbymetrics,20,0.9.0,1421770752,100000,130088960,281326592,3.12.9,0,1729,ok,,10.0,2026-09-09T15:25:06.866480+00:00,0.18111775000579655
2,0.8599092910299078,1.357005364286148,OLS,0.019803083036094904,sklearn-linear-regression,5,1.9.0,1421770752,1000,166723584,201526592,3.12.9,0,1729,ok,,10.0,2026-09-09T15:25:07.048419+00:00,0.9794722920050845
2,0.6104173749918118,1.3425702218245303,OLS,0.004378666984848678,sklearn-linear-regression,5,1.9.0,1421770752,10000,166510592,203326592,3.12.9,0,1729,ok,,10.0,2026-09-09T15:25:08.028741+00:00,0.7688929170835763
2,0.6081252079457045,1.3424482809845315,OLS,0.008083832915872335,sklearn-linear-regression,5,1.9.0,1421770752,100000,170098688,221326592,3.12.9,0,1729,ok,,10.0,2026-09-09T15:25:08.798468+00:00,0.7789625830482692
2,0.601004125084728,2.8539363237043123,OLS,0.0041615000227466226,sklearn-linear-regression,20,1.9.0,1421770752,1000,166232064,202126592,3.12.9,0,1729,ok,,10.0,2026-09-09T15:25:09.578380+00:00,0.7785744169959798
2,0.605105541064404,2.630796381047978,OLS,0.005730500095523894,sklearn-linear-regression,20,1.9.0,1421770752,10000,171868160,209326592,3.12.9,0,1729,ok,,10.0,2026-09-09T15:25:10.357495+00:00,0.7727393329842016
2,0.6261084579164162,2.703646723693276,OLS,0.018780458020046353,sklearn-linear-regression,20,1.9.0,1421770752,100000,219365376,281326592,3.12.9,0,1729,ok,,10.0,2026-09-09T15:25:11.131018+00:00,0.7811461250530556
2,0.0022903750650584698,0.0,FixedEffectsOLS,0.0002899580867961049,crabbymetrics,5,0.9.0,1421770752,1000,13385728,201646592,3.12.9,0,1729,ok,,10.0,2026-09-09T15:25:11.912942+00:00,0.128556833951734
2,0.003299208008684218,0.0,FixedEffectsOLS,0.0008908329764381051,crabbymetrics,5,0.9.0,1421770752,10000,14974976,204526592,3.12.9,0,1729,ok,,10.0,2026-09-09T15:25:12.042324+00:00,0.06911391695030034
2,0.012762708007358015,0.0,FixedEffectsOLS,0.007761416956782341,crabbymetrics,5,0.9.0,1421770752,100000,13254656,233326592,3.12.9,0,1729,ok,,10.0,2026-09-09T15:25:12.112251+00:00,0.12344875000417233
2,0.0026201659347862005,0.0,FixedEffectsOLS,0.0006293751066550612,crabbymetrics,20,0.9.0,1421770752,1000,13533184,202606592,3.12.9,0,1729,ok,,10.0,2026-09-09T15:25:12.236528+00:00,0.0663764999480918
2,0.008696625009179115,0.0,FixedEffectsOLS,0.005852665985003114,crabbymetrics,20,0.9.0,1421770752,10000,15335424,214126592,3.12.9,0,1729,ok,,10.0,2026-09-09T15:25:12.303616+00:00,0.12732404097914696
2,0.08350704109761864,0.0,FixedEffectsOLS,0.07262391701806337,crabbymetrics,20,0.9.0,1421770752,100000,180764672,329326592,3.12.9,0,1729,ok,,10.0,2026-09-09T15:25:12.431739+00:00,0.19357995910104364
2,0.9167169999564067,1.3467840381810627,FixedEffectsOLS,0.01104562496766448,pyfixest-feols,5,0.60.0,1421770752,1000,218693632,201646592,3.12.9,0,1729,ok,,10.0,2026-09-09T15:25:12.626095+00:00,1.0954325830098242
2,0.788461499963887,1.3315340654961758,FixedEffectsOLS,0.009035124909132719,pyfixest-feols,5,0.60.0,1421770752,10000,222527488,204526592,3.12.9,0,1729,ok,,10.0,2026-09-09T15:25:13.722259+00:00,0.9695480830268934
2,0.7911224169656634,1.3421351810961535,FixedEffectsOLS,0.02286454103887081,pyfixest-feols,5,0.60.0,1421770752,100000,295485440,233326592,3.12.9,0,1729,ok,,10.0,2026-09-09T15:25:14.692513+00:00,1.019795916043222
2,0.7708922089077532,2.767431528458141,FixedEffectsOLS,0.010142749990336597,pyfixest-feols,20,0.60.0,1421770752,1000,218284032,202606592,3.12.9,0,1729,ok,,10.0,2026-09-09T15:25:15.713136+00:00,0.9649515410419554
2,0.774757583043538,2.6301645083535083,FixedEffectsOLS,0.012433875002898276,pyfixest-feols,20,0.60.0,1421770752,10000,236519424,214126592,3.12.9,0,1729,ok,,10.0,2026-09-09T15:25:16.678941+00:00,0.9638832919299603
2,0.8273765000049025,2.7010917832790993,FixedEffectsOLS,0.04480787494685501,pyfixest-feols,20,0.60.0,1421770752,100000,425705472,329326592,3.12.9,0,1729,ok,,10.0,2026-09-09T15:25:17.643563+00:00,1.0311982500134036
2,,1.2367,FixedEffectsOLS,0.008,r-fixest-feols,5,R version 4.5.0 (2025-04-11),1421770752,1000,101679104,201646592,,0,1729,ok,,10.0,2026-09-09T15:25:18.675328+00:00,0.5339809580473229
2,,1.345,FixedEffectsOLS,0.008,r-fixest-feols,5,R version 4.5.0 (2025-04-11),1421770752,10000,90980352,204526592,,0,1729,ok,,10.0,2026-09-09T15:25:19.209863+00:00,0.17727250000461936
2,,1.3405,FixedEffectsOLS,0.015,r-fixest-feols,5,R version 4.5.0 (2025-04-11),1421770752,100000,102137856,233326592,,0,1729,ok,,10.0,2026-09-09T15:25:19.387852+00:00,0.19236062502022833
2,,2.7963,FixedEffectsOLS,0.008,r-fixest-feols,20,R version 4.5.0 (2025-04-11),1421770752,1000,96780288,202606592,,0,1729,ok,,10.0,2026-09-09T15:25:19.581001+00:00,0.19922333303838968
2,,2.6724,FixedEffectsOLS,0.013,r-fixest-feols,20,R version 4.5.0 (2025-04-11),1421770752,10000,100794368,214126592,,0,1729,ok,,10.0,2026-09-09T15:25:19.781175+00:00,0.1978669579839334
2,,2.6744,FixedEffectsOLS,0.075,r-fixest-feols,20,R version 4.5.0 (2025-04-11),1421770752,100000,153157632,329326592,,0,1729,ok,,10.0,2026-09-09T15:25:19.979647+00:00,0.2639602090930566
2,0.0023799160262569785,0.0,ElasticNet,0.0001718329731374979,crabbymetrics,5,0.9.0,1421770752,1000,15122432,201566592,3.12.9,0,1729,ok,,10.0,2026-09-09T15:25:20.244418+00:00,0.1265685830730945
2,0.0030927079496905208,0.0,ElasticNet,0.0008455830393359065,crabbymetrics,5,0.9.0,1421770752,10000,13221888,203726592,3.12.9,0,1729,ok,,10.0,2026-09-09T15:25:20.371771+00:00,0.12509774998761714
2,0.011949750012718141,0.0,ElasticNet,0.006394959054887295,crabbymetrics,5,0.9.0,1421770752,100000,15663104,225326592,3.12.9,0,1729,ok,,10.0,2026-09-09T15:25:20.497425+00:00,0.13349712500348687
2,0.0023204159224405885,0.0,ElasticNet,0.00035274995025247335,crabbymetrics,20,0.9.0,1421770752,1000,15908864,202286592,3.12.9,0,1729,ok,,10.0,2026-09-09T15:25:20.631919+00:00,0.0689187910174951
2,0.0058464170433580875,0.0,ElasticNet,0.002881582942791283,crabbymetrics,20,0.9.0,1421770752,10000,13221888,210926592,3.12.9,0,1729,ok,,10.0,2026-09-09T15:25:20.701593+00:00,0.12826441694051027
2,0.04822050000075251,0.0,ElasticNet,0.035864625009708107,crabbymetrics,20,0.9.0,1421770752,100000,110133248,297326592,3.12.9,0,1729,ok,,10.0,2026-09-09T15:25:20.830753+00:00,0.13282850000541657
2,0.6204730001045391,1.3234476075408896,ElasticNet,0.004311416996642947,sklearn-elastic-net,5,1.9.0,1421770752,1000,166346752,201566592,3.12.9,0,1729,ok,,10.0,2026-09-09T15:25:20.964445+00:00,0.7768717090366408
2,0.6084993749391288,1.3107434738545518,ElasticNet,0.004113791044801474,sklearn-elastic-net,5,1.9.0,1421770752,10000,166510592,203726592,3.12.9,0,1729,ok,,10.0,2026-09-09T15:25:21.742107+00:00,0.7709820000454783
2,0.6165539999492466,1.310924334846585,ElasticNet,0.0056421669432893395,sklearn-elastic-net,5,1.9.0,1421770752,100000,176504832,225326592,3.12.9,0,1729,ok,,10.0,2026-09-09T15:25:22.514041+00:00,0.7776943750213832
2,0.6162172920303419,2.7424684820123595,ElasticNet,0.00386383302975446,sklearn-elastic-net,20,1.9.0,1421770752,1000,166559744,202286592,3.12.9,0,1729,ok,,10.0,2026-09-09T15:25:23.292564+00:00,0.7532565840519965
2,0.6098288330249488,2.5203063063122393,ElasticNet,0.004079542006365955,sklearn-elastic-net,20,1.9.0,1421770752,10000,169918464,210926592,3.12.9,0,1729,ok,,10.0,2026-09-09T15:25:24.046585+00:00,0.7833890829933807
2,0.6246843750122935,2.5912680792604545,ElasticNet,0.010412042029201984,sklearn-elastic-net,20,1.9.0,1421770752,100000,200622080,297326592,3.12.9,0,1729,ok,,10.0,2026-09-09T15:25:24.830894+00:00,0.7809131250251085
2,0.00207895808853209,0.0,Ridge,0.00013633293565362692,crabbymetrics,5,0.9.0,1421770752,1000,14991360,201526592,3.12.9,0,1729,ok,,10.0,2026-09-09T15:25:25.612658+00:00,0.0683503340696916
2,0.002896333928219974,0.0,Ridge,0.0006622079527005553,crabbymetrics,5,0.9.0,1421770752,10000,15581184,203326592,3.12.9,0,1729,ok,,10.0,2026-09-09T15:25:25.681628+00:00,0.06695587502326816
2,0.010621833964250982,0.0,Ridge,0.00584254099521786,crabbymetrics,5,0.9.0,1421770752,100000,14843904,221326592,3.12.9,0,1729,ok,,10.0,2026-09-09T15:25:25.749231+00:00,0.13119700003881007
2,0.002351457951590419,0.0,Ridge,0.00045583397150039673,crabbymetrics,20,0.9.0,1421770752,1000,15597568,202126592,3.12.9,0,1729,ok,,10.0,2026-09-09T15:25:25.880963+00:00,0.06862066697794944
2,0.00876291689928621,0.0,Ridge,0.006009166012518108,crabbymetrics,20,0.9.0,1421770752,10000,13828096,209326592,3.12.9,0,1729,ok,,10.0,2026-09-09T15:25:25.950319+00:00,0.13189150008838624
2,0.07911849999800324,0.0,Ridge,0.0681114160688594,crabbymetrics,20,0.9.0,1421770752,100000,148226048,281326592,3.12.9,0,1729,ok,,10.0,2026-09-09T15:25:26.082957+00:00,0.19777958292979747
2,0.6602639579214156,1.3555704399548163,Ridge,0.004007917013950646,sklearn-ridge,5,1.9.0,1421770752,1000,166608896,201526592,3.12.9,0,1729,ok,,10.0,2026-09-09T15:25:26.281304+00:00,0.7807525829412043
2,0.6175765830557793,1.342434694296541,Ridge,0.004223833908326924,sklearn-ridge,5,1.9.0,1421770752,10000,166789120,203326592,3.12.9,0,1729,ok,,10.0,2026-09-09T15:25:27.062679+00:00,0.7720489159692079
2,0.6279507090803236,1.3424348806336477,Ridge,0.006843750015832484,sklearn-ridge,5,1.9.0,1421770752,100000,175718400,221326592,3.12.9,0,1729,ok,,10.0,2026-09-09T15:25:27.835554+00:00,0.7753779580816627
2,0.6139239170588553,2.8511233502787072,Ridge,0.0038080840604379773,sklearn-ridge,20,1.9.0,1421770752,1000,166461440,202126592,3.12.9,0,1729,ok,,10.0,2026-09-09T15:25:28.611808+00:00,0.7691179169341922
2,0.6101575420470908,2.6305394770748207,Ridge,0.004532000049948692,sklearn-ridge,20,1.9.0,1421770752,10000,169934848,209326592,3.12.9,0,1729,ok,,10.0,2026-09-09T15:25:29.381865+00:00,0.7657198749948293
2,0.6224931250326335,2.7036197934795085,Ridge,0.007489042007364333,sklearn-ridge,20,1.9.0,1421770752,100000,199999488,281326592,3.12.9,0,1729,ok,,10.0,2026-09-09T15:25:30.148097+00:00,0.7614099170314148
2,0.006622750079259276,0.0,BaggedPolynomialRegressor,0.004606749978847802,crabbymetrics,5,0.9.0,1421770752,1000,13434880,202326592,3.12.9,0,1729,ok,,10.0,2026-09-09T15:25:30.910273+00:00,0.12234887504018843
2,0.07209429098293185,0.0,BaggedPolynomialRegressor,0.06968254200182855,crabbymetrics,5,0.9.0,1421770752,10000,56279040,211326592,3.12.9,0,1729,ok,,10.0,2026-09-09T15:25:31.033464+00:00,0.18077441700734198
2,0.9185908749932423,0.0,BaggedPolynomialRegressor,0.9136387499747798,crabbymetrics,5,0.9.0,1421770752,100000,162758656,301326592,3.12.9,0,1729,ok,,10.0,2026-09-09T15:25:31.215126+00:00,1.0225266671041027
2,0.07006770907901227,0.0,BaggedPolynomialRegressor,0.0678051250288263,crabbymetrics,20,0.9.0,1421770752,1000,48070656,205326592,3.12.9,0,1729,ok,,10.0,2026-09-09T15:25:32.238283+00:00,0.19064537493977696
2,0.9801612079609185,0.0,BaggedPolynomialRegressor,0.9766086658928543,crabbymetrics,20,0.9.0,1421770752,10000,88457216,241326592,3.12.9,0,1729,ok,,10.0,2026-09-09T15:25:32.429720+00:00,1.084605999989435
2,,,BaggedPolynomialRegressor,,crabbymetrics,20,,1421770752,100000,485195776,601326592,,-15,1729,timeout,,10.0,2026-09-09T15:25:33.515480+00:00,10.063876625034027
2,0.6398949160939083,30.0,BaggedPolynomialRegressor,0.015311582945287228,sklearn-bagged-polynomial,5,1.9.0,1421770752,1000,166543360,202326592,3.12.9,0,1729,ok,,10.0,2026-09-09T15:25:43.580091+00:00,0.7800535829737782
2,0.6400047079659998,30.0,BaggedPolynomialRegressor,0.027455083094537258,sklearn-bagged-polynomial,5,1.9.0,1421770752,10000,170409984,211326592,3.12.9,0,1729,ok,,10.0,2026-09-09T15:25:44.360871+00:00,0.7672967080725357
2,0.7900791249703616,30.0,BaggedPolynomialRegressor,0.1738452920690179,sklearn-bagged-polynomial,5,1.9.0,1421770752,100000,215777280,301326592,3.12.9,0,1729,ok,,10.0,2026-09-09T15:25:45.129067+00:00,0.9670847080415115
2,0.6334336249856278,30.0,BaggedPolynomialRegressor,0.021423166035674512,sklearn-bagged-polynomial,20,1.9.0,1421770752,1000,167542784,205326592,3.12.9,0,1729,ok,,10.0,2026-09-09T15:25:46.097049+00:00,0.7648856249870732
2,0.6827160000102594,30.0,BaggedPolynomialRegressor,0.06385249993763864,sklearn-bagged-polynomial,20,1.9.0,1421770752,10000,185221120,241326592,3.12.9,0,1729,ok,,10.0,2026-09-09T15:25:46.862762+00:00,0.8347662079613656
2,1.4094600420212373,30.0,BaggedPolynomialRegressor,0.7863663750467822,sklearn-bagged-polynomial,20,1.9.0,1421770752,100000,356696064,601326592,3.12.9,0,1729,ok,,10.0,2026-09-09T15:25:47.698350+00:00,1.5614312919788063
2,0.0026692089159041643,0.0,Logit,0.0005418750224635005,crabbymetrics,5,0.9.0,1421770752,1000,15089664,201606592,3.12.9,0,1729,ok,,10.0,2026-09-09T15:25:49.260414+00:00,0.06858466705307364
2,0.005809208028949797,0.0,Logit,0.0034538330510258675,crabbymetrics,5,0.9.0,1421770752,10000,13451264,204126592,3.12.9,0,1729,ok,,10.0,2026-09-09T15:25:49.329834+00:00,0.06706254102755338
2,0.04424441605806351,0.0,Logit,0.03822099999524653,crabbymetrics,5,0.9.0,1421770752,100000,54411264,229326592,3.12.9,0,1729,ok,,10.0,2026-09-09T15:25:49.397627+00:00,0.13281766592990607
2,0.0026707500219345093,0.0,Logit,0.0006115409778431058,crabbymetrics,20,0.9.0,1421770752,1000,15433728,202446592,3.12.9,0,1729,ok,,10.0,2026-09-09T15:25:49.531247+00:00,0.06283033301588148
2,0.008342999964952469,0.0,Logit,0.005375165957957506,crabbymetrics,20,0.9.0,1421770752,10000,13221888,212526592,3.12.9,0,1729,ok,,10.0,2026-09-09T15:25:49.594775+00:00,0.13110845896881074
2,0.06556687504053116,0.0,Logit,0.05384483397938311,crabbymetrics,20,0.9.0,1421770752,100000,78839808,313326592,3.12.9,0,1729,ok,,10.0,2026-09-09T15:25:49.726717+00:00,0.18618308298755437
2,0.6221881669480354,1.296410113217421,Logit,0.005236499942839146,sklearn-logistic-regression,5,1.9.0,1421770752,1000,167165952,201606592,3.12.9,0,1729,ok,,10.0,2026-09-09T15:25:49.913731+00:00,0.7661385000683367
2,0.6223710419144481,1.3583261460860496,Logit,0.006085042026825249,sklearn-logistic-regression,5,1.9.0,1421770752,10000,167477248,204126592,3.12.9,0,1729,ok,,10.0,2026-09-09T15:25:50.680705+00:00,0.7835267910268158
2,0.6340552909532562,1.3268973477749317,Logit,0.01453599997330457,sklearn-logistic-regression,5,1.9.0,1421770752,100000,175570944,229326592,3.12.9,0,1729,ok,,10.0,2026-09-09T15:25:51.465056+00:00,0.7784516660030931
2,0.6178910830058157,3.076231752452708,Logit,0.005042749922722578,sklearn-logistic-regression,20,1.9.0,1421770752,1000,166952960,202446592,3.12.9,0,1729,ok,,10.0,2026-09-09T15:25:52.244423+00:00,0.7775283750379458
2,0.6294074590550736,2.672061504149057,Logit,0.005957792047411203,sklearn-logistic-regression,20,1.9.0,1421770752,10000,169115648,212526592,3.12.9,0,1729,ok,,10.0,2026-09-09T15:25:53.022794+00:00,0.7581438749330118
2,0.638995417044498,2.6866501267006693,Logit,0.014005540986545384,sklearn-logistic-regression,20,1.9.0,1421770752,100000,187629568,313326592,3.12.9,0,1729,ok,,10.0,2026-09-09T15:25:53.781834+00:00,0.7700515839969739
2,0.0044741249876096845,0.0,MultinomialLogit,0.0024372499901801348,crabbymetrics,5,0.9.0,1421770752,1000,15400960,201806592,3.12.9,0,1729,ok,,10.0,2026-09-09T15:25:54.552645+00:00,0.12824045901652426
2,0.26360054197721183,0.0,MultinomialLogit,0.26120358298067003,crabbymetrics,5,0.9.0,1421770752,10000,44777472,206126592,3.12.9,0,1729,ok,,10.0,2026-09-09T15:25:54.681658+00:00,0.3311354999896139
2,0.32571020897012204,0.0,MultinomialLogit,0.31965404201764613,crabbymetrics,5,0.9.0,1421770752,100000,55820288,249326592,3.12.9,0,1729,ok,,10.0,2026-09-09T15:25:55.013610+00:00,0.43395254109054804
2,0.005184500012546778,0.0,MultinomialLogit,0.003209124901331961,crabbymetrics,20,0.9.0,1421770752,1000,15826944,203246592,3.12.9,0,1729,ok,,10.0,2026-09-09T15:25:55.448349+00:00,0.06854941591154784
2,0.038928333087824285,0.0,MultinomialLogit,0.035909708007238805,crabbymetrics,20,0.9.0,1421770752,10000,47382528,220526592,3.12.9,0,1729,ok,,10.0,2026-09-09T15:25:55.517620+00:00,0.12999162496998906
2,0.41587108303792775,0.0,MultinomialLogit,0.40357341594062746,crabbymetrics,20,0.9.0,1421770752,100000,79511552,393326592,3.12.9,0,1729,ok,,10.0,2026-09-09T15:25:55.648383+00:00,0.5151213339995593
2,0.622198750032112,1.1102230246251565e-16,MultinomialLogit,0.005021707969717681,sklearn-multinomial-logit,5,1.9.0,1421770752,1000,167034880,201806592,3.12.9,0,1729,ok,,10.0,2026-09-09T15:25:56.164391+00:00,0.7822260409593582
2,0.6220195000059903,-6.106226635438361e-15,MultinomialLogit,0.007635291898623109,sklearn-multinomial-logit,5,1.9.0,1421770752,10000,167575552,206126592,3.12.9,0,1729,ok,,10.0,2026-09-09T15:25:56.947576+00:00,0.7894847090356052
2,0.6507989169331267,-6.8833827526759706e-15,MultinomialLogit,0.03157554101198912,sklearn-multinomial-logit,5,1.9.0,1421770752,100000,178569216,249326592,3.12.9,0,1729,ok,,10.0,2026-09-09T15:25:57.737907+00:00,0.8287558750016615
2,0.6252758749760687,1.1657341758564144e-15,MultinomialLogit,0.005909916013479233,sklearn-multinomial-logit,20,1.9.0,1421770752,1000,167198720,203246592,3.12.9,0,1729,ok,,10.0,2026-09-09T15:25:58.567532+00:00,0.7699096669675782
2,0.6309225830482319,1.1657341758564144e-15,MultinomialLogit,0.0077209590235725045,sklearn-multinomial-logit,20,1.9.0,1421770752,10000,169230336,220526592,3.12.9,0,1729,ok,,10.0,2026-09-09T15:25:59.338241+00:00,0.7582776660565287
2,0.6640362089965492,1.2989609388114332e-14,MultinomialLogit,0.039005458005703986,sklearn-multinomial-logit,20,1.9.0,1421770752,100000,191332352,393326592,3.12.9,0,1729,ok,,10.0,2026-09-09T15:26:00.097359+00:00,0.8335202909074724
2,0.002264666953124106,0.0,Poisson,0.0002835410414263606,crabbymetrics,5,0.9.0,1421770752,1000,13778944,201606592,3.12.9,0,1729,ok,,10.0,2026-09-09T15:26:00.931662+00:00,0.06585529108997434
2,0.004774290951900184,0.0,Poisson,0.0021513750543817878,crabbymetrics,5,0.9.0,1421770752,10000,13910016,204126592,3.12.9,0,1729,ok,,10.0,2026-09-09T15:26:00.998275+00:00,0.0659923340426758
2,0.029136667028069496,0.0,Poisson,0.021148041007108986,crabbymetrics,5,0.9.0,1421770752,100000,61751296,229326592,3.12.9,0,1729,ok,,10.0,2026-09-09T15:26:01.065037+00:00,0.13210066710598767
2,0.0025467919185757637,0.0,Poisson,0.0005593750393018126,crabbymetrics,20,0.9.0,1421770752,1000,15712256,202446592,3.12.9,0,1729,ok,,10.0,2026-09-09T15:26:01.197971+00:00,0.06630337494425476
2,0.00847158394753933,0.0,Poisson,0.0051981250289827585,crabbymetrics,20,0.9.0,1421770752,10000,15613952,212526592,3.12.9,0,1729,ok,,10.0,2026-09-09T15:26:01.265054+00:00,0.13141275011003017
2,0.07981274998746812,0.0,Poisson,0.06575245806016028,crabbymetrics,20,0.9.0,1421770752,100000,98107392,313326592,3.12.9,0,1729,ok,,10.0,2026-09-09T15:26:01.397328+00:00,0.19852087507024407
2,0.6274683750234544,1.2214797721587511,Poisson,0.004830459016375244,sklearn-poisson-regressor,5,1.9.0,1421770752,1000,166985728,201606592,3.12.9,0,1729,ok,,10.0,2026-09-09T15:26:01.596701+00:00,0.7508657079888508
2,0.6318281670100987,1.291437114901914,Poisson,0.005654374952428043,sklearn-poisson-regressor,5,1.9.0,1421770752,10000,166952960,204126592,3.12.9,0,1729,ok,,10.0,2026-09-09T15:26:02.348456+00:00,0.7562838329467922
2,0.6466917499201372,1.27890291553035,Poisson,0.01360774994827807,sklearn-poisson-regressor,5,1.9.0,1421770752,100000,175407104,229326592,3.12.9,0,1729,ok,,10.0,2026-09-09T15:26:03.105493+00:00,0.7693459170404822
2,0.6213113329140469,2.642500057253832,Poisson,0.005458040977828205,sklearn-poisson-regressor,20,1.9.0,1421770752,1000,166985728,202446592,3.12.9,0,1729,ok,,10.0,2026-09-09T15:26:03.875673+00:00,0.7694684580201283
2,0.620435333927162,2.579636273442414,Poisson,0.005696750013157725,sklearn-poisson-regressor,20,1.9.0,1421770752,10000,169066496,212526592,3.12.9,0,1729,ok,,10.0,2026-09-09T15:26:04.646003+00:00,0.7627682919846848
2,0.6472134999930859,2.5836657114996533,Poisson,0.01299266703426838,sklearn-poisson-regressor,20,1.9.0,1421770752,100000,187482112,313326592,3.12.9,0,1729,ok,,10.0,2026-09-09T15:26:05.409528+00:00,0.7697631670162082
2,0.0028669999446719885,0.0,ExponentialPH,0.0007100000511854887,crabbymetrics,5,0.9.0,1421770752,1000,15368192,201646592,3.12.9,0,1729,ok,,10.0,2026-09-09T15:26:06.180007+00:00,0.06737662490922958
2,0.009147166972979903,0.0,ExponentialPH,0.006720999954268336,crabbymetrics,5,0.9.0,1421770752,10000,15548416,204526592,3.12.9,0,1729,ok,,10.0,2026-09-09T15:26:06.248074+00:00,0.13279158296063542
2,0.06026175001170486,0.0,ExponentialPH,0.05407695798203349,crabbymetrics,5,0.9.0,1421770752,100000,56770560,233326592,3.12.9,0,1729,ok,,10.0,2026-09-09T15:26:06.381670+00:00,0.13484533305745572
2,0.004973500035703182,0.0,ExponentialPH,0.002967042033560574,crabbymetrics,20,0.9.0,1421770752,1000,15204352,202606592,3.12.9,0,1729,ok,,10.0,2026-09-09T15:26:06.517217+00:00,0.06516125006601214
2,0.02994366700295359,0.0,ExponentialPH,0.02671200002077967,crabbymetrics,20,0.9.0,1421770752,10000,47218688,214126592,3.12.9,0,1729,ok,,10.0,2026-09-09T15:26:06.583087+00:00,0.13115179201122373
2,0.2734329589875415,0.0,ExponentialPH,0.2610624999506399,crabbymetrics,20,0.9.0,1421770752,100000,81199104,329326592,3.12.9,0,1729,ok,,10.0,2026-09-09T15:26:06.715180+00:00,0.3931772499345243
2,0.002891583018936217,0.0,WeibullPH,0.0008579170098528266,crabbymetrics,5,0.9.0,1421770752,1000,15597568,201686592,3.12.9,0,1729,ok,,10.0,2026-09-09T15:26:07.109158+00:00,0.12170366698410362
2,0.00990954099688679,0.0,WeibullPH,0.007522332947701216,crabbymetrics,5,0.9.0,1421770752,10000,15564800,204926592,3.12.9,0,1729,ok,,10.0,2026-09-09T15:26:07.231624+00:00,0.13185204204637557
2,0.06690745800733566,0.0,WeibullPH,0.06076933292206377,crabbymetrics,5,0.9.0,1421770752,100000,56819712,237326592,3.12.9,0,1729,ok,,10.0,2026-09-09T15:26:07.364237+00:00,0.13084579107817262
2,0.005206999951042235,0.0,WeibullPH,0.0029244580073282123,crabbymetrics,20,0.9.0,1421770752,1000,13221888,202766592,3.12.9,0,1729,ok,,10.0,2026-09-09T15:26:07.495908+00:00,0.06695529201533645
2,0.030583291896618903,0.0,WeibullPH,0.02737254207022488,crabbymetrics,20,0.9.0,1421770752,10000,47218688,215726592,3.12.9,0,1729,ok,,10.0,2026-09-09T15:26:07.563538+00:00,0.13225933304056525
2,0.2863923750119284,0.0,WeibullPH,0.27383366704452783,crabbymetrics,20,0.9.0,1421770752,100000,80887808,345326592,3.12.9,0,1729,ok,,10.0,2026-09-09T15:26:07.696646+00:00,0.38986374996602535
2,0.0023619590792804956,0.0,CoxPH,0.0003523329505696893,crabbymetrics,5,0.9.0,1421770752,1000,12746752,201806592,3.12.9,0,1729,ok,,10.0,2026-09-09T15:26:08.087318+00:00,0.06780791701748967
2,0.005484457942657173,0.0,CoxPH,0.0030176249565556645,crabbymetrics,5,0.9.0,1421770752,10000,12091392,206126592,3.12.9,0,1729,ok,,10.0,2026-09-09T15:26:08.155850+00:00,0.12877029099036008
2,0.03669520898256451,0.0,CoxPH,0.030264624976553023,crabbymetrics,5,0.9.0,1421770752,100000,62406656,249326592,3.12.9,0,1729,ok,,10.0,2026-09-09T15:26:08.285538+00:00,0.1272304579615593
2,0.011460250010713935,0.0,CoxPH,0.005427459022030234,crabbymetrics,20,0.9.0,1421770752,1000,44531712,203246592,3.12.9,0,1729,ok,,10.0,2026-09-09T15:26:08.413569+00:00,0.14644566702190787
2,0.025751000037416816,0.0,CoxPH,0.022596208029426634,crabbymetrics,20,0.9.0,1421770752,10000,48988160,220526592,3.12.9,0,1729,ok,,10.0,2026-09-09T15:26:08.560808+00:00,0.13257833290845156
2,0.26700991694815457,0.0,CoxPH,0.2546024579787627,crabbymetrics,20,0.9.0,1421770752,100000,98467840,393326592,3.12.9,0,1729,ok,,10.0,2026-09-09T15:26:08.694130+00:00,0.3332114170771092
2,0.5199028339702636,1.1530975547849913,CoxPH,0.031573542044498026,lifelines-cox-ph,5,0.30.0,1421770752,1000,146571264,201806592,3.12.9,0,1729,ok,,10.0,2026-09-09T15:26:09.028182+00:00,0.650240582996048
2,0.715700792032294,1.1315442058076535,CoxPH,0.24106762500014156,lifelines-cox-ph,5,0.30.0,1421770752,10000,149782528,206126592,3.12.9,0,1729,ok,,10.0,2026-09-09T15:26:09.679182+00:00,0.8350879169302061
2,2.918225000030361,1.1466526392356509,CoxPH,2.4407172090141103,lifelines-cox-ph,5,0.30.0,1421770752,100000,193822720,249326592,3.12.9,0,1729,ok,,10.0,2026-09-09T15:26:10.515153+00:00,3.0295503749512136
2,0.5139835000736639,2.172633803934468,CoxPH,0.0387290840735659,lifelines-cox-ph,20,0.30.0,1421770752,1000,146817024,203246592,3.12.9,0,1729,ok,,10.0,2026-09-09T15:26:13.545603+00:00,0.6457010420272127
2,0.7630674170795828,2.2514548572085173,CoxPH,0.28809599997475743,lifelines-cox-ph,20,0.30.0,1421770752,10000,157859840,220526592,3.12.9,0,1729,ok,,10.0,2026-09-09T15:26:14.192062+00:00,0.9004377080127597
2,4.009080499992706,2.343570355456341,CoxPH,3.5189075840171427,lifelines-cox-ph,20,0.30.0,1421770752,100000,268517376,393326592,3.12.9,0,1729,ok,,10.0,2026-09-09T15:26:15.093267+00:00,4.15430658403784
2,,1.1934,CoxPH,0.004,r-survival-coxph,5,R version 4.5.0 (2025-04-11),1421770752,1000,174473216,201806592,,0,1729,ok,,10.0,2026-09-09T15:26:19.248425+00:00,0.45509454200509936
2,,1.1471,CoxPH,0.018,r-survival-coxph,5,R version 4.5.0 (2025-04-11),1421770752,10000,181092352,206126592,,0,1729,ok,,10.0,2026-09-09T15:26:19.704074+00:00,0.3767748330719769
2,,1.1515,CoxPH,0.217,r-survival-coxph,5,R version 4.5.0 (2025-04-11),1421770752,100000,238665728,249326592,,0,1729,ok,,10.0,2026-09-09T15:26:20.081607+00:00,0.6452152500860393
2,,2.4925,CoxPH,0.006,r-survival-coxph,20,R version 4.5.0 (2025-04-11),1421770752,1000,172752896,203246592,,0,1729,ok,,10.0,2026-09-09T15:26:20.727548+00:00,0.386602042010054
2,,2.2701,CoxPH,0.036,r-survival-coxph,20,R version 4.5.0 (2025-04-11),1421770752,10000,172949504,220526592,,0,1729,ok,,10.0,2026-09-09T15:26:21.114961+00:00,0.4514311250532046
2,,2.329,CoxPH,0.519,r-survival-coxph,20,R version 4.5.0 (2025-04-11),1421770752,100000,441221120,393326592,,0,1729,ok,,10.0,2026-09-09T15:26:21.567239+00:00,0.9503011660417542
2,0.03330433298833668,0.0,AndersenGill,0.03110458399169147,crabbymetrics,5,0.9.0,1421770752,1000,43974656,201806592,3.12.9,0,1729,ok,,10.0,2026-09-09T15:26:22.518328+00:00,0.1285553330089897
2,3.2269736250163987,0.0,AndersenGill,3.224294084007852,crabbymetrics,5,0.9.0,1421770752,10000,45514752,206126592,3.12.9,0,1729,ok,,10.0,2026-09-09T15:26:22.647695+00:00,3.3165146249812096
2,,,AndersenGill,,crabbymetrics,5,,1421770752,100000,63848448,249326592,,-15,1729,timeout,,10.0,2026-09-09T15:26:25.964957+00:00,10.023818999994546
2,0.36383437493350357,0.0,AndersenGill,0.36120954097714275,crabbymetrics,20,0.9.0,1421770752,1000,44154880,203246592,3.12.9,0,1729,ok,,10.0,2026-09-09T15:26:35.989326+00:00,0.4328363749664277
2,,,AndersenGill,,crabbymetrics,20,,1421770752,10000,49152000,220526592,,-15,1729,timeout,,10.0,2026-09-09T15:26:36.422750+00:00,10.015692416927777
2,,,AndersenGill,,crabbymetrics,20,,,100000,,,,,1729,pruned_after_failure,,,,
2,,-0.0723,AndersenGill,0.004,r-survival-andersen-gill,5,R version 4.5.0 (2025-04-11),1421770752,1000,180600832,201806592,,0,1729,ok,,10.0,2026-09-09T15:26:46.439193+00:00,0.380712958984077
2,,-0.0085,AndersenGill,0.023,r-survival-andersen-gill,5,R version 4.5.0 (2025-04-11),1421770752,10000,178733056,206126592,,0,1729,ok,,10.0,2026-09-09T15:26:46.820552+00:00,0.3919972499134019
2,,-0.0095,AndersenGill,0.337,r-survival-andersen-gill,5,R version 4.5.0 (2025-04-11),1421770752,100000,318652416,249326592,,0,1729,ok,,10.0,2026-09-09T15:26:47.213230+00:00,0.7364521250128746
2,,0.0284,AndersenGill,0.007,r-survival-andersen-gill,20,R version 4.5.0 (2025-04-11),1421770752,1000,165543936,203246592,,0,1729,ok,,10.0,2026-09-09T15:26:47.950461+00:00,0.4298410409828648
2,,-0.0568,AndersenGill,0.051,r-survival-andersen-gill,20,R version 4.5.0 (2025-04-11),1421770752,10000,207355904,220526592,,0,1729,ok,,10.0,2026-09-09T15:26:48.381250+00:00,0.4512122090673074
2,,-0.0061,AndersenGill,0.671,r-survival-andersen-gill,20,R version 4.5.0 (2025-04-11),1421770752,100000,446185472,393326592,,0,1729,ok,,10.0,2026-09-09T15:26:48.833372+00:00,1.1106635419419035
2,0.0023754590656608343,0.0,TwoSLS,0.0003222080413252115,crabbymetrics,5,0.9.0,1421770752,1000,13385728,201806592,3.12.9,0,1729,ok,,10.0,2026-09-09T15:26:49.944968+00:00,0.06789870897773653
2,0.006160125019960105,0.0,TwoSLS,0.0036944160237908363,crabbymetrics,5,0.9.0,1421770752,10000,13254656,206126592,3.12.9,0,1729,ok,,10.0,2026-09-09T15:26:50.013557+00:00,0.06690620793960989
2,0.04797683306969702,0.0,TwoSLS,0.0399996250635013,crabbymetrics,5,0.9.0,1421770752,100000,101613568,249326592,3.12.9,0,1729,ok,,10.0,2026-09-09T15:26:50.081273+00:00,0.1321633339393884
2,0.005057457950897515,0.0,TwoSLS,0.0028027499793097377,crabbymetrics,20,0.9.0,1421770752,1000,13746176,203246592,3.12.9,0,1729,ok,,10.0,2026-09-09T15:26:50.213992+00:00,0.06691895902622491
2,0.052483208011835814,0.0,TwoSLS,0.048608750104904175,crabbymetrics,20,0.9.0,1421770752,10000,63520768,220526592,3.12.9,0,1729,ok,,10.0,2026-09-09T15:26:50.282631+00:00,0.13070908398367465
2,1.300981834065169,0.0,TwoSLS,1.28025162499398,crabbymetrics,20,0.9.0,1421770752,100000,246235136,393326592,3.12.9,0,1729,ok,,10.0,2026-09-09T15:26:50.414145+00:00,1.3787732500350103
2,0.8174162500072271,2.3212465523146246,TwoSLS,0.011348000029101968,pyfixest-iv,5,0.60.0,1421770752,1000,217546752,201806592,3.12.9,0,1729,ok,,10.0,2026-09-09T15:26:51.793676+00:00,1.0359562090598047
2,0.8086390410317108,2.378480913282492,TwoSLS,0.01381445792503655,pyfixest-iv,5,0.60.0,1421770752,10000,231882752,206126592,3.12.9,0,1729,ok,,10.0,2026-09-09T15:26:52.830580+00:00,1.0336357080377638
2,0.8388341669924557,2.3535209228552874,TwoSLS,0.0425247079692781,pyfixest-iv,5,0.60.0,1421770752,100000,395116544,249326592,3.12.9,0,1729,ok,,10.0,2026-09-09T15:26:53.865036+00:00,1.043362999917008
2,0.8086055830353871,3.596997434800087,TwoSLS,0.01926279196050018,pyfixest-iv,20,0.60.0,1421770752,1000,222330880,203246592,3.12.9,0,1729,ok,,10.0,2026-09-09T15:26:54.909130+00:00,1.0201154160313308
2,0.8238657080801204,3.704064478585948,TwoSLS,0.024320208001881838,pyfixest-iv,20,0.60.0,1421770752,10000,266502144,220526592,3.12.9,0,1729,ok,,10.0,2026-09-09T15:26:55.930159+00:00,1.0339880839455873
2,0.9292329580057412,3.6831593801565754,TwoSLS,0.09801204199902713,pyfixest-iv,20,0.60.0,1421770752,100000,810696704,393326592,3.12.9,0,1729,ok,,10.0,2026-09-09T15:26:56.964962+00:00,1.1486365830060095
2,0.0021347919246181846,0.0,HorizontalPanelRidge,0.0001355829881504178,crabbymetrics,5,0.9.0,1421770752,1000,11485184,201566592,3.12.9,0,1729,ok,,10.0,2026-09-09T15:26:58.114566+00:00,0.12822516704909503
2,0.0029837089823558927,0.0,HorizontalPanelRidge,0.0006345410365611315,crabbymetrics,5,0.9.0,1421770752,10000,15499264,203726592,3.12.9,0,1729,ok,,10.0,2026-09-09T15:26:58.243605+00:00,0.0691215000115335
2,0.010488708037883043,0.0,HorizontalPanelRidge,0.004893666948191822,crabbymetrics,5,0.9.0,1421770752,100000,13795328,225326592,3.12.9,0,1729,ok,,10.0,2026-09-09T15:26:58.313518+00:00,0.1324532920261845
2,0.00228683406021446,0.0,HorizontalPanelRidge,0.0002759159542620182,crabbymetrics,20,0.9.0,1421770752,1000,14499840,202286592,3.12.9,0,1729,ok,,10.0,2026-09-09T15:26:58.446947+00:00,0.13384104194119573
2,0.0050579170929268,0.0,HorizontalPanelRidge,0.0018049170030280948,crabbymetrics,20,0.9.0,1421770752,10000,15794176,210926592,3.12.9,0,1729,ok,,10.0,2026-09-09T15:26:58.581635+00:00,0.13502020807936788
2,0.03082608396653086,0.0,HorizontalPanelRidge,0.0172810839721933,crabbymetrics,20,0.9.0,1421770752,100000,94896128,297326592,3.12.9,0,1729,ok,,10.0,2026-09-09T15:26:58.717426+00:00,0.1294060000218451
2,0.5810963329859078,0.9271218967997061,HorizontalPanelRidge,0.0041997089283540845,sklearn-ridge,5,1.9.0,1421770752,1000,158220288,201566592,3.12.9,0,1729,ok,,10.0,2026-09-09T15:26:58.847705+00:00,0.7285635409643874
2,0.5786702500190586,0.995245282100406,HorizontalPanelRidge,0.003909208928234875,sklearn-ridge,5,1.9.0,1421770752,10000,157188096,203726592,3.12.9,0,1729,ok,,10.0,2026-09-09T15:26:59.577083+00:00,0.7525727079482749
2,0.5814593749819323,0.9994614681419656,HorizontalPanelRidge,0.004449125030077994,sklearn-ridge,5,1.9.0,1421770752,100000,173031424,225326592,3.12.9,0,1729,ok,,10.0,2026-09-09T15:27:00.330594+00:00,0.7148440829478204
2,0.5740534169599414,0.8967053378526331,HorizontalPanelRidge,0.0038105000276118517,sklearn-ridge,20,1.9.0,1421770752,1000,158007296,202286592,3.12.9,0,1729,ok,,10.0,2026-09-09T15:27:01.046417+00:00,0.7169929998926818
2,0.5756319999927655,0.9883325438850032,HorizontalPanelRidge,0.003962000017054379,sklearn-ridge,20,1.9.0,1421770752,10000,160972800,210926592,3.12.9,0,1729,ok,,10.0,2026-09-09T15:27:01.764417+00:00,0.6928460829658434
2,0.5879177910974249,0.9977293877129574,HorizontalPanelRidge,0.005363417090848088,sklearn-ridge,20,1.9.0,1421770752,100000,202932224,297326592,3.12.9,0,1729,ok,,10.0,2026-09-09T15:27:02.458051+00:00,0.7039756670128554
2,0.0021474590757861733,0.0,SyntheticControl,0.00016133300960063934,crabbymetrics,5,0.9.0,1421770752,1000,15433728,201646592,3.12.9,0,1729,ok,,10.0,2026-09-09T15:27:03.162794+00:00,0.06736475008074194
2,0.0031510830158367753,0.0,SyntheticControl,0.0006663339445367455,crabbymetrics,5,0.9.0,1421770752,10000,13303808,204526592,3.12.9,0,1729,ok,,10.0,2026-09-09T15:27:03.230969+00:00,0.0667991250520572
2,0.013123749988153577,0.0,SyntheticControl,0.005687666009180248,crabbymetrics,5,0.9.0,1421770752,100000,60358656,233326592,3.12.9,0,1729,ok,,10.0,2026-09-09T15:27:03.298585+00:00,0.13182866701390594
2,0.0025652500335127115,0.0,SyntheticControl,0.00048029201570898294,crabbymetrics,20,0.9.0,1421770752,1000,14336000,202606592,3.12.9,0,1729,ok,,10.0,2026-09-09T15:27:03.431255+00:00,0.13294074998702854
2,0.006601209053769708,0.0,SyntheticControl,0.002916333032771945,crabbymetrics,20,0.9.0,1421770752,10000,15532032,214126592,3.12.9,0,1729,ok,,10.0,2026-09-09T15:27:03.565061+00:00,0.13246600003913045
2,0.05134679202456027,0.0,SyntheticControl,0.03152841702103615,crabbymetrics,20,0.9.0,1421770752,100000,74924032,329326592,3.12.9,0,1729,ok,,10.0,2026-09-09T15:27:03.698350+00:00,0.13232816697563976
2,0.03665274998638779,0.0,SyntheticDID,0.034420749987475574,crabbymetrics,5,0.9.0,1421770752,1000,54689792,201806592,3.12.9,0,1729,ok,,10.0,2026-09-09T15:27:03.831473+00:00,0.1321820419980213
2,,,SyntheticDID,,crabbymetrics,5,,1421770752,10000,1114013696,206126592,,-15,1729,timeout,,10.0,2026-09-09T15:27:03.964248+00:00,10.062128791003488
2,,,SyntheticDID,,crabbymetrics,5,,,100000,,,,,1729,pruned_after_failure,,,,
2,0.037070624995976686,0.0,SyntheticDID,0.03470029204618186,crabbymetrics,20,0.9.0,1421770752,1000,55574528,203246592,3.12.9,0,1729,ok,,10.0,2026-09-09T15:27:14.027829+00:00,0.1343005420640111
2,,,SyntheticDID,,crabbymetrics,20,,1421770752,10000,1124188160,220526592,,-15,1729,timeout,,10.0,2026-09-09T15:27:14.162893+00:00,10.03461312490981
2,,,SyntheticDID,,crabbymetrics,20,,,100000,,,,,1729,pruned_after_failure,,,,
2,0.03667175001464784,0.0,AugmentedBalancing,0.03441687498707324,crabbymetrics,5,0.9.0,1421770752,1000,54706176,201966592,3.12.9,0,1729,ok,,10.0,2026-09-09T15:27:24.198394+00:00,0.13032750005368143
2,,,AugmentedBalancing,,crabbymetrics,5,,1421770752,10000,1114832896,207726592,,-15,1729,timeout,,10.0,2026-09-09T15:27:24.329533+00:00,10.051617874996737
2,,,AugmentedBalancing,,crabbymetrics,5,,,100000,,,,,1729,pruned_after_failure,,,,
2,0.039296875009313226,0.0,AugmentedBalancing,0.03688645793590695,crabbymetrics,20,0.9.0,1421770752,1000,55787520,203886592,3.12.9,0,1729,ok,,10.0,2026-09-09T15:27:34.381938+00:00,0.1317181249614805
2,,,AugmentedBalancing,,crabbymetrics,20,,1421770752,10000,1126727680,226926592,,-15,1729,timeout,,10.0,2026-09-09T15:27:34.514133+00:00,10.050120249972679
2,,,AugmentedBalancing,,crabbymetrics,20,,,100000,,,,,1729,pruned_after_failure,,,,
2,0.003190290997736156,0.0,MatrixCompletion,0.0011356670875102282,crabbymetrics,5,0.9.0,1421770752,1000,15794176,201966592,3.12.9,0,1729,ok,,10.0,2026-09-09T15:27:44.565093+00:00,0.06806962506379932
2,0.012824292061850429,0.0,MatrixCompletion,0.010421874932944775,crabbymetrics,5,0.9.0,1421770752,10000,48398336,207726592,3.12.9,0,1729,ok,,10.0,2026-09-09T15:27:44.633892+00:00,0.1321972080040723
2,0.10656699992250651,0.0,MatrixCompletion,0.10071087488904595,crabbymetrics,5,0.9.0,1421770752,100000,93798400,265326592,3.12.9,0,1729,ok,,10.0,2026-09-09T15:27:44.766887+00:00,0.19434891699347645
2,0.007149416953325272,0.0,MatrixCompletion,0.004940500017255545,crabbymetrics,20,0.9.0,1421770752,1000,14024704,203886592,3.12.9,0,1729,ok,,10.0,2026-09-09T15:27:44.962110+00:00,0.13310804194770753
2,0.06819149991497397,0.0,MatrixCompletion,0.06471566704567522,crabbymetrics,20,0.9.0,1421770752,10000,60669952,226926592,3.12.9,0,1729,ok,,10.0,2026-09-09T15:27:45.095789+00:00,0.1343177080852911
2,0.840428875060752,0.0,MatrixCompletion,0.8262781659141183,crabbymetrics,20,0.9.0,1421770752,100000,229310464,457326592,3.12.9,0,1729,ok,,10.0,2026-09-09T15:27:45.230672+00:00,0.9169152500107884
2,0.0022102079819887877,0.0,InteractiveFixedEffects,0.0001305420882999897,crabbymetrics,5,0.9.0,1421770752,1000,13434880,201806592,3.12.9,0,1729,ok,,10.0,2026-09-09T15:27:46.148353+00:00,0.06597474997397512
2,0.003035250003449619,0.0,InteractiveFixedEffects,0.0006750409957021475,crabbymetrics,5,0.9.0,1421770752,10000,13746176,206126592,3.12.9,0,1729,ok,,10.0,2026-09-09T15:27:46.215105+00:00,0.06589404097758234
2,0.012221249984577298,0.0,InteractiveFixedEffects,0.006379249971359968,crabbymetrics,5,0.9.0,1421770752,100000,78577664,249326592,3.12.9,0,1729,ok,,10.0,2026-09-09T15:27:46.281731+00:00,0.1319572919746861
2,0.002550666918978095,0.0,InteractiveFixedEffects,0.0003363749710842967,crabbymetrics,20,0.9.0,1421770752,1000,14155776,203246592,3.12.9,0,1729,ok,,10.0,2026-09-09T15:27:46.414630+00:00,0.06845804199110717
2,0.00588891701772809,0.0,InteractiveFixedEffects,0.0026015830226242542,crabbymetrics,20,0.9.0,1421770752,10000,13959168,220526592,3.12.9,0,1729,ok,,10.0,2026-09-09T15:27:46.483867+00:00,0.13215420802589506
2,0.04316170804668218,0.0,InteractiveFixedEffects,0.02921987499576062,crabbymetrics,20,0.9.0,1421770752,100000,93421568,393326592,3.12.9,0,1729,ok,,10.0,2026-09-09T15:27:46.616831+00:00,0.1296269999584183
2,0.0021289170254021883,0.0,BalancingWeights,0.0001414999132975936,crabbymetrics,5,0.9.0,1421770752,1000,13926400,201806592,3.12.9,0,1729,ok,,10.0,2026-09-09T15:27:46.747332+00:00,0.06698224996216595
2,0.0029887499986216426,0.0,BalancingWeights,0.0006384999724105,crabbymetrics,5,0.9.0,1421770752,10000,15892480,206126592,3.12.9,0,1729,ok,,10.0,2026-09-09T15:27:46.815215+00:00,0.13194633403327316
2,0.010327792027965188,0.0,BalancingWeights,0.005347999976947904,crabbymetrics,5,0.9.0,1421770752,100000,14041088,249326592,3.12.9,0,1729,ok,,10.0,2026-09-09T15:27:46.947950+00:00,0.1329520830186084
2,0.002266584080643952,0.0,BalancingWeights,0.0002756670583039522,crabbymetrics,20,0.9.0,1421770752,1000,15564800,203246592,3.12.9,0,1729,ok,,10.0,2026-09-09T15:27:47.081792+00:00,0.06581483397167176
2,0.005049541010521352,0.0,BalancingWeights,0.002192041021771729,crabbymetrics,20,0.9.0,1421770752,10000,13287424,220526592,3.12.9,0,1729,ok,,10.0,2026-09-09T15:27:47.148470+00:00,0.06672604090999812
2,0.038216124987229705,0.0,BalancingWeights,0.027060875087045133,crabbymetrics,20,0.9.0,1421770752,100000,106774528,393326592,3.12.9,0,1729,ok,,10.0,2026-09-09T15:27:47.215924+00:00,0.13168874999973923
2,0.002677125041373074,0.0,MEstimator,0.0006469580112025142,crabbymetrics,5,0.9.0,1421770752,1000,13811712,201726592,3.12.9,0,1729,ok,,10.0,2026-09-09T15:27:47.348465+00:00,0.06729920802172273
2,0.006127291941083968,0.0,MEstimator,0.003716791048645973,crabbymetrics,5,0.9.0,1421770752,10000,15613952,205326592,3.12.9,0,1729,ok,,10.0,2026-09-09T15:27:47.416342+00:00,0.13030791690107435
2,0.039456916972994804,0.0,MEstimator,0.03371308301575482,crabbymetrics,5,0.9.0,1421770752,100000,75464704,241326592,3.12.9,0,1729,ok,,10.0,2026-09-09T15:27:47.547558+00:00,0.1333376249531284
2,0.004797959001734853,0.0,MEstimator,0.0027417909586802125,crabbymetrics,20,0.9.0,1421770752,1000,14024704,202926592,3.12.9,0,1729,ok,,10.0,2026-09-09T15:27:47.681732+00:00,0.06737391604110599
2,0.025349500006996095,0.0,MEstimator,0.022042375057935715,crabbymetrics,20,0.9.0,1421770752,10000,54247424,217326592,3.12.9,0,1729,ok,,10.0,2026-09-09T15:27:47.749781+00:00,0.12765454198233783
2,0.22504266700707376,0.0,MEstimator,0.21201112505514175,crabbymetrics,20,0.9.0,1421770752,100000,147390464,361326592,3.12.9,0,1729,ok,,10.0,2026-09-09T15:27:47.878300+00:00,0.3251733749639243
2,0.0023722919868305326,0.0,GMM,0.0003203330561518669,crabbymetrics,5,0.9.0,1421770752,1000,12877824,201886592,3.12.9,0,1729,ok,,10.0,2026-09-09T15:27:48.204295+00:00,0.12586166593246162
2,0.0037450840463861823,0.0,GMM,0.0014617079868912697,crabbymetrics,5,0.9.0,1421770752,10000,15564800,206926592,3.12.9,0,1729,ok,,10.0,2026-09-09T15:27:48.331022+00:00,0.132436583051458
2,0.01894054200965911,0.0,GMM,0.013145792065188289,crabbymetrics,5,0.9.0,1421770752,100000,75382784,257326592,3.12.9,0,1729,ok,,10.0,2026-09-09T15:27:48.464611+00:00,0.1323255830211565
2,0.002738333074375987,0.0,GMM,0.00065437494777143,crabbymetrics,20,0.9.0,1421770752,1000,15777792,203566592,3.12.9,0,1729,ok,,10.0,2026-09-09T15:27:48.597880+00:00,0.06872212490998209
2,0.006404332933016121,0.0,GMM,0.0033485419116914272,crabbymetrics,20,0.9.0,1421770752,10000,13746176,223726592,3.12.9,0,1729,ok,,10.0,2026-09-09T15:27:48.667293+00:00,0.13287716696504503
2,0.04542762495111674,0.0,GMM,0.032313333940692246,crabbymetrics,20,0.9.0,1421770752,100000,71876608,425326592,3.12.9,0,1729,ok,,10.0,2026-09-09T15:27:48.801042+00:00,0.12783858296461403
2,0.0021536669228225946,0.0,EPLM,0.0001295000547543168,crabbymetrics,5,0.9.0,1421770752,1000,15532032,202046592,3.12.9,0,1729,ok,,10.0,2026-09-09T15:27:48.929625+00:00,0.06801162497140467
2,0.0030300419311970472,0.0,EPLM,0.0006701670354232192,crabbymetrics,5,0.9.0,1421770752,10000,13434880,208526592,3.12.9,0,1729,ok,,10.0,2026-09-09T15:27:48.998432+00:00,0.06683729204814881
2,0.011963166994974017,0.0,EPLM,0.006085291039198637,crabbymetrics,5,0.9.0,1421770752,100000,68993024,273326592,3.12.9,0,1729,ok,,10.0,2026-09-09T15:27:49.065959+00:00,0.12572737503796816
2,0.002743458026088774,0.0,EPLM,0.00046970800030976534,crabbymetrics,20,0.9.0,1421770752,1000,14712832,204206592,3.12.9,0,1729,ok,,10.0,2026-09-09T15:27:49.192490+00:00,0.12176233308855444
2,0.008794207940809429,0.0,EPLM,0.0058865000028163195,crabbymetrics,20,0.9.0,1421770752,10000,50888704,230126592,3.12.9,0,1729,ok,,10.0,2026-09-09T15:27:49.315039+00:00,0.13160991691984236
2,0.08044300007168204,0.0,EPLM,0.06856687495019287,crabbymetrics,20,0.9.0,1421770752,100000,117014528,489326592,3.12.9,0,1729,ok,,10.0,2026-09-09T15:27:49.447510+00:00,0.20114504103548825
2,0.002329000039026141,0.0,AverageDerivative,0.0003142500063404441,crabbymetrics,5,0.9.0,1421770752,1000,15777792,202206592,3.12.9,0,1729,ok,,10.0,2026-09-09T15:27:49.649486+00:00,0.12473116698674858
2,0.005492083029821515,0.0,AverageDerivative,0.0031127079855650663,crabbymetrics,5,0.9.0,1421770752,10000,15794176,210126592,3.12.9,0,1729,ok,,10.0,2026-09-09T15:27:49.775018+00:00,0.13481770898215473
2,0.03762108308728784,0.0,AverageDerivative,0.03162966703530401,crabbymetrics,5,0.9.0,1421770752,100000,94552064,289326592,3.12.9,0,1729,ok,,10.0,2026-09-09T15:27:49.910762+00:00,0.13542879198212177
2,0.004307540948502719,0.0,AverageDerivative,0.0021750000305473804,crabbymetrics,20,0.9.0,1421770752,1000,14434304,204846592,3.12.9,0,1729,ok,,10.0,2026-09-09T15:27:50.047108+00:00,0.06751070905011147
2,0.030147957964800298,0.0,AverageDerivative,0.026962999952957034,crabbymetrics,20,0.9.0,1421770752,10000,66011136,236526592,3.12.9,0,1729,ok,,10.0,2026-09-09T15:27:50.115319+00:00,0.1322882919339463
2,0.31695554207544774,0.0,AverageDerivative,0.3048037909902632,crabbymetrics,20,0.9.0,1421770752,100000,303366144,553326592,3.12.9,0,1729,ok,,10.0,2026-09-09T15:27:50.248571+00:00,0.398749666986987
2,0.00230470800306648,0.0,PartiallyLinearDML,0.0002424169797450304,crabbymetrics,5,0.9.0,1421770752,1000,14450688,202286592,3.12.9,0,1729,ok,,10.0,2026-09-09T15:27:50.648009+00:00,0.1283577090362087
2,0.004015000071376562,0.0,PartiallyLinearDML,0.0016001249896362424,crabbymetrics,5,0.9.0,1421770752,10000,15138816,210926592,3.12.9,0,1729,ok,,10.0,2026-09-09T15:27:50.777329+00:00,0.1267663330072537
2,0.02096575009636581,0.0,PartiallyLinearDML,0.014909291989170015,crabbymetrics,5,0.9.0,1421770752,100000,59817984,297326592,3.12.9,0,1729,ok,,10.0,2026-09-09T15:27:50.905082+00:00,0.11764045897871256
2,0.002964292070828378,0.0,PartiallyLinearDML,0.0007962080417200923,crabbymetrics,20,0.9.0,1421770752,1000,13221888,205166592,3.12.9,0,1729,ok,,10.0,2026-09-09T15:27:51.023520+00:00,0.12406179204117507
2,0.014832291984930634,0.0,PartiallyLinearDML,0.011895666015334427,crabbymetrics,20,0.9.0,1421770752,10000,52248576,239726592,3.12.9,0,1729,ok,,10.0,2026-09-09T15:27:51.148384+00:00,0.13218762504402548
2,0.13472562504466623,0.0,PartiallyLinearDML,0.12280879192985594,crabbymetrics,20,0.9.0,1421770752,100000,127942656,585326592,3.12.9,0,1729,ok,,10.0,2026-09-09T15:27:51.281433+00:00,0.26452720898669213
2,1.7493306250544265,0.7612151031323557,PartiallyLinearDML,0.002400083001703024,doubleml-plr,5,0.11.4,1421770752,1000,252968960,202286592,3.12.9,0,1729,ok,,10.0,2026-09-09T15:27:51.546884+00:00,1.934064415981993
2,1.1200858330121264,0.8014064010912313,PartiallyLinearDML,0.0031897498993203044,doubleml-plr,5,0.11.4,1421770752,10000,248725504,210926592,3.12.9,0,1729,ok,,10.0,2026-09-09T15:27:53.482053+00:00,1.363746750052087
2,1.1353227499639615,0.7991498887404005,PartiallyLinearDML,0.013424125034362078,doubleml-plr,5,0.11.4,1421770752,100000,285982720,297326592,3.12.9,0,1729,ok,,10.0,2026-09-09T15:27:54.846797+00:00,1.3328277500113472
2,1.117966250050813,0.7842205402861385,PartiallyLinearDML,0.0024826249573379755,doubleml-plr,20,0.11.4,1421770752,1000,248922112,205166592,3.12.9,0,1729,ok,,10.0,2026-09-09T15:27:56.180572+00:00,1.3481873749988154
2,1.1185060419375077,0.8086353048517447,PartiallyLinearDML,0.003701459034346044,doubleml-plr,20,0.11.4,1421770752,10000,253198336,239726592,3.12.9,0,1729,ok,,10.0,2026-09-09T15:27:57.529559+00:00,1.3653752090176567
2,1.1474325830349699,0.7937727882339947,PartiallyLinearDML,0.017773999948985875,doubleml-plr,20,0.11.4,1421770752,100000,343343104,585326592,3.12.9,0,1729,ok,,10.0,2026-09-09T15:27:58.895754+00:00,1.3500626250170171
2,0.004638166981749237,0.0,AIPW,0.00027704203967005014,crabbymetrics,5,0.9.0,1421770752,1000,15515648,202286592,3.12.9,0,1729,ok,,10.0,2026-09-09T15:28:00.246569+00:00,0.06773449992761016
2,0.006695999996736646,0.0,AIPW,0.0018373330822214484,crabbymetrics,5,0.9.0,1421770752,10000,13549568,210926592,3.12.9,0,1729,ok,,10.0,2026-09-09T15:28:00.315105+00:00,0.13157308392692357
2,0.02806958300061524,0.0,AIPW,0.01869437494315207,crabbymetrics,5,0.9.0,1421770752,100000,74268672,297326592,3.12.9,0,1729,ok,,10.0,2026-09-09T15:28:00.447558+00:00,0.1325204580789432
2,0.005375125096179545,0.0,AIPW,0.0008515421068295836,crabbymetrics,20,0.9.0,1421770752,1000,14024704,205166592,3.12.9,0,1729,ok,,10.0,2026-09-09T15:28:00.580985+00:00,0.1321274999063462
2,0.017846541944891214,0.0,AIPW,0.01235783298034221,crabbymetrics,20,0.9.0,1421770752,10000,54640640,239726592,3.12.9,0,1729,ok,,10.0,2026-09-09T15:28:00.714021+00:00,0.13359241699799895
2,0.14259083301294595,0.0,AIPW,0.12710195791441947,crabbymetrics,20,0.9.0,1421770752,100000,153124864,585326592,3.12.9,0,1729,ok,,10.0,2026-09-09T15:28:00.848460+00:00,0.24857920897193253
2,1.1155939999734983,0.7275499782690911,AIPW,0.005866916035301983,doubleml-irm,5,0.11.4,1421770752,1000,249626624,202286592,3.12.9,0,1729,ok,,10.0,2026-09-09T15:28:01.097758+00:00,1.3616537919733673
2,1.1422795839607716,0.7997060777274799,AIPW,0.009886250016279519,doubleml-irm,5,0.11.4,1421770752,10000,249593856,210926592,3.12.9,0,1729,ok,,10.0,2026-09-09T15:28:02.460316+00:00,1.3655102499760687
2,1.1970697499345988,0.7976551157157648,AIPW,0.06330516608431935,doubleml-irm,5,0.11.4,1421770752,100000,295272448,297326592,3.12.9,0,1729,ok,,10.0,2026-09-09T15:28:03.826630+00:00,1.4198623748961836
2,1.1156367079820484,0.7181816232401461,AIPW,0.005746333044953644,doubleml-irm,20,0.11.4,1421770752,1000,249495552,205166592,3.12.9,0,1729,ok,,10.0,2026-09-09T15:28:05.247269+00:00,1.3498800420202315
2,1.1453694580122828,0.8055171631235982,AIPW,0.010701415943913162,doubleml-irm,20,0.11.4,1421770752,10000,255049728,239726592,3.12.9,0,1729,ok,,10.0,2026-09-09T15:28:06.597953+00:00,1.3320515840314329
2,1.217591500026174,0.792357276566093,AIPW,0.06955799995921552,doubleml-irm,20,0.11.4,1421770752,100000,354435072,585326592,3.12.9,0,1729,ok,,10.0,2026-09-09T15:28:07.930902+00:00,1.4477705409517512
2,0.002214916981756687,0.0,DynamicCovariateBalance,0.00020508305169641972,crabbymetrics,5,0.9.0,1421770752,1000,15433728,202046592,3.12.9,0,1729,ok,,10.0,2026-09-09T15:28:09.379616+00:00,0.06860887503717095
2,0.0031984579982236028,0.0,DynamicCovariateBalance,0.0007509998977184296,crabbymetrics,5,0.9.0,1421770752,10000,15532032,208526592,3.12.9,0,1729,ok,,10.0,2026-09-09T15:28:09.448878+00:00,0.06546366692055017
2,0.012467749998904765,0.0,DynamicCovariateBalance,0.006198500050231814,crabbymetrics,5,0.9.0,1421770752,100000,64569344,273326592,3.12.9,0,1729,ok,,10.0,2026-09-09T15:28:09.515126+00:00,0.1282257919665426
2,0.0037904579658061266,0.0,DynamicCovariateBalance,0.0016844579949975014,crabbymetrics,20,0.9.0,1421770752,1000,15646720,204206592,3.12.9,0,1729,ok,,10.0,2026-09-09T15:28:09.644280+00:00,0.06906916596926749
2,0.005587292020209134,0.0,DynamicCovariateBalance,0.0025797500275075436,crabbymetrics,20,0.9.0,1421770752,10000,14860288,230126592,3.12.9,0,1729,ok,,10.0,2026-09-09T15:28:09.714091+00:00,0.06691112497355789
2,0.04435462492983788,0.0,DynamicCovariateBalance,0.031643458059988916,crabbymetrics,20,0.9.0,1421770752,100000,90308608,489326592,3.12.9,0,1729,ok,,10.0,2026-09-09T15:28:09.781764+00:00,0.13252687500789762
2,0.002378458040766418,0.0,ParallelTrendsSNMM,0.00030275003518909216,crabbymetrics,5,0.9.0,1421770752,1000,14401536,202206592,3.12.9,0,1729,ok,,10.0,2026-09-09T15:28:09.915079+00:00,0.06591358291916549
2,0.004355125012807548,0.0,ParallelTrendsSNMM,0.0020142500288784504,crabbymetrics,5,0.9.0,1421770752,10000,15433728,210126592,3.12.9,0,1729,ok,,10.0,2026-09-09T15:28:09.981850+00:00,0.06738191703334451
2,0.026849083020351827,0.0,ParallelTrendsSNMM,0.020583042060025036,crabbymetrics,5,0.9.0,1421770752,100000,67878912,289326592,3.12.9,0,1729,ok,,10.0,2026-09-09T15:28:10.049928+00:00,0.13033391709905118
2,0.0030697089387103915,0.0,ParallelTrendsSNMM,0.0009710000595077872,crabbymetrics,20,0.9.0,1421770752,1000,14172160,204846592,3.12.9,0,1729,ok,,10.0,2026-09-09T15:28:10.181102+00:00,0.06651191599667072
2,0.014223417034372687,0.0,ParallelTrendsSNMM,0.010806959006004035,crabbymetrics,20,0.9.0,1421770752,10000,50184192,236526592,3.12.9,0,1729,ok,,10.0,2026-09-09T15:28:10.248463+00:00,0.13244199997279793
2,0.14335433300584555,0.0,ParallelTrendsSNMM,0.1305265419650823,crabbymetrics,20,0.9.0,1421770752,100000,105332736,553326592,3.12.9,0,1729,ok,,10.0,2026-09-09T15:28:10.381687+00:00,0.2633820839691907
2,0.0024352920008823276,0.0,RegressionBlip,0.00039199995808303356,crabbymetrics,5,0.9.0,1421770752,1000,14106624,201886592,3.12.9,0,1729,ok,,10.0,2026-09-09T15:28:10.645860+00:00,0.06866049999371171
2,0.005968499928712845,0.0,RegressionBlip,0.0035814999137073755,crabbymetrics,5,0.9.0,1421770752,10000,13664256,206926592,3.12.9,0,1729,ok,,10.0,2026-09-09T15:28:10.715301+00:00,0.13226870796643198
2,0.04216941597405821,0.0,RegressionBlip,0.03597304201684892,crabbymetrics,5,0.9.0,1421770752,100000,76791808,257326592,3.12.9,0,1729,ok,,10.0,2026-09-09T15:28:10.848360+00:00,0.13219491695053875
2,0.0032742919865995646,0.0,RegressionBlip,0.0011477910447865725,crabbymetrics,20,0.9.0,1421770752,1000,13434880,203566592,3.12.9,0,1729,ok,,10.0,2026-09-09T15:28:10.981341+00:00,0.0672455420717597
2,0.018288707942701876,0.0,RegressionBlip,0.015033292002044618,crabbymetrics,20,0.9.0,1421770752,10000,55312384,223726592,3.12.9,0,1729,ok,,10.0,2026-09-09T15:28:11.049283+00:00,0.13103958393912762
2,0.17386733402963728,0.0,RegressionBlip,0.16118779103271663,crabbymetrics,20,0.9.0,1421770752,100000,153157632,425326592,3.12.9,0,1729,ok,,10.0,2026-09-09T15:28:11.181146+00:00,0.26389062497764826
