name,scope,estimate,reference,error
Beazer_Reuter_2022_JOP,source point specification,19.552927504333564,19.5529275043335,6.394884621840902e-14
Bischof_Wagner_2019_AJPS,source point specification,0.11747252598687499,0.117472525986875,1.3877787807814457e-17
Bisgaard_Slothuus_2018_AJPS,source point specification,-0.054114255765199154,-0.0541142557651998,6.453171330633722e-16
Blair_etal_2022_JOP,source point specification,-0.6501361152083921,-0.650136115208393,8.881784197001252e-16
Bokobza_etal_2022_JOP,source point specification,0.1055487669266062,0.105548766926605,1.1934897514720433e-15
Caughey_etal_2017_JOP,source point specification,0.012226716814283453,0.0122267168142838,3.469446951953614e-16
Christensen_Garfias_2021_JOP,source point specification,0.03167453412471632,0.0316745341247012,1.511984981661385e-14
Clarke_2020_AJPS,source point specification,0.078004200650799,0.0780042006528724,2.073410887426519e-12
Clayton_Zetterberg_2018_JOP,source point specification,0.7656711940265996,0.765671194026599,5.551115123125783e-16
Cox_Dincecco_2021_JOP,source point specification,0.3921740113589885,0.392174011358982,6.494804694057166e-15
Dahlstrom_Holmgren_2023_JOP,source point specification,-1.7878759979826868,-1.78787599798242,2.6689761511988763e-13
Dipoppa_etal_2023_JOP,source point specification,0.0012434348829128469,0.0012434348829383,2.5453163882138696e-14
Distelhorst_Locke_2018_AJPS,source point specification,0.1425638337653529,0.142563833765354,1.1102230246251565e-15
Eckhouse_2022_AJPS,source point specification,0.01302037901633711,0.013020379016337,1.1102230246251565e-16
Esberg_Siegel_2023_APSR,source point specification,2.8087294458596013,2.80872944585957,3.108624468950438e-14
Fouirnaies_2018_AJPS,source point specification,0.8676542849837783,0.8676542849825,1.2783107905534052e-12
Fouirnaies_Hall_2018_AJPS,source point specification,0.2792046507003814,0.279204650700375,6.439293542825908e-15
Fouirnaies_Hall_2022_APSR,source point specification,-0.2422280171009983,-0.242228017102409,1.4106771306643395e-12
Fresh_2018_JOP,source point specification,0.17504538130466893,0.175045381304668,9.159339953157541e-16
Garfias_2019_JOP,source point specification,0.06901752929103616,0.0690175292910363,1.3877787807814457e-16
Grumbach_2023_APSR,source point specification,-0.4439431002941997,-0.443943100294199,7.216449660063518e-16
Grumbach_Hill_2022_JOP,source point specification,0.03067580145671481,0.0306758014567148,1.0408340855860843e-17
Grumbach_Sahn_2020_APSR,source point specification,0.1280982975835418,0.128098297583548,6.189493362285248e-15
Hainmueller_Hangartner_2019_AJPS,source point specification,1.6085788884068268,1.60857888840667,1.567634910770721e-13
Hankinson_Magazinnik_2023_JOP,source point specification,-1.1011273739186613,-1.10112737391866,1.3322676295501878e-15
Hirano_etal_2022_JOP,source point specification,0.4157595094530551,0.415759509453055,1.1102230246251565e-16
Jiang_2018_AJPS,source point specification,-0.755434686506993,-0.755434686506987,5.995204332975845e-15
Kilborn_Vishwanath_2022_AJPS,source point specification,0.06887313100047206,0.0688731310039695,3.497438449961976e-12
Kogan_2021_JOP,baseline only: source also requires unit-specific slopes,0.8069549296326604,0.806954929632204,4.563016631209393e-13
Kroeger_Silfa_2023_JOP,source point specification,0.028350286260469,0.0283502862604691,1.0061396160665481e-16
Kuipers_Sahn_2023_APSR,source point specification,0.055569059998489115,0.0555690599984901,9.853229343548264e-16
Latura_Weeks_2023_AJPS,source point specification,0.03281031037489325,0.0328103103748933,4.85722573273506e-17
Liao_2023_JOP,source point specification,-0.04455768075174803,-0.0445576804804917,2.712563298978843e-10
Magaloni_etal_2020_APSR,baseline only: source also requires unit-specific slopes,-0.26917054198458606,-0.269170541984493,9.309220061481938e-14
Marsh_2023_APSR,source point specification,-0.012640481437590032,-0.0126404814376093,1.9267573647674396e-14
Paglayan_2022_APSR,source point specification,6.285774223832326,6.28577422383232,6.217248937900877e-15
Payson_2020_APSR,source point specification,0.03968312941617561,0.0396831294161753,3.122502256758253e-16
Payson_2020_JOP,source point specification,8.695217610854119,8.69521761085413,1.0658141036401503e-14
Pierskalla_Sacks_2018_JOP,source point specification,-0.13640030869045602,-0.136400308689479,9.770240172457534e-13
Ravanilla_2022_JOP,source point specification,0.36146776953030807,0.361467769530306,2.0539125955565396e-15
Schafer_2022_AJPS,source point specification,-0.03039189355933134,-0.0303918933812213,1.7811004060508395e-10
Schubiger_2021_JOP,source point specification,0.047281757906322774,0.0472817579062804,4.2375825071161444e-14
Schuit_Rogowski_2017_AJPS,source point specification,-0.16098057411678734,-0.160980574116782,5.35682609381638e-15
Skorge_2023_AJPS,source point specification,-0.09183447536201089,-0.0918344753620112,3.0531133177191805e-16
Trounstine_2020_APSR,source point specification,-0.05060668975675493,-0.0506066897567558,8.673617379884035e-16
Weschle_2021_JOP,source point specification,1.8259193506541107,1.82591935065405,6.061817714453355e-14
Zhang_etal_2021_JOP,source point specification,0.10983095215167431,0.109830952151674,3.0531133177191805e-16
