model,term,estimate,se,n_x,clusters,residual_df,elapsed_seconds,reference,reference_se,aligned_se,n_y,reference_package
fatalities_pooled,beertax,0.3646054403677415,0.1196855758702025,336,48.0,335.0,0.000395624898374,0.364605440367739,0.119685575870202,0.119685575870202,336,fixest
fatalities_unit_fe,beertax,-0.6558737221504309,0.3148475930947372,336,48.0,287.0,0.0005494579672813,-0.655873722150431,0.291855641526061,0.314847593094737,336,fixest
fatalities_twfe,beertax,-0.6399799857068672,0.3857867217923436,336,48.0,281.0,0.0003161670174449,-0.639979985706868,0.35707834554809,0.385786721792343,336,fixest
swiss_pooled,repdem,2.5033175649500943,0.21952021463006,4655,245.0,4654.0,0.000231749843806,2.50331756495006,0.219520214630048,0.219520214630048,4655,fixest
swiss_unit_fe,repdem,3.02279975419408,0.1906916237252373,4655,245.0,4409.0,0.0004492080770432,3.02279975419403,0.185624432918228,0.190691623725234,4655,fixest
swiss_twfe,repdem,1.2036582335095474,0.3114588299012312,4655,245.0,4391.0,0.0009470840450376,1.20365823350954,0.303149947253274,0.311458829901229,4655,fixest
swiss_common_trend,repdem,0.824792788060559,0.2661349513249829,4655,245.0,4408.0,0.0005496249068528,0.824792788060566,0.259061486861932,0.266134951324981,4655,fixest
swiss_common_trend,time,0.2313691543298408,0.017644118169111,4655,245.0,4408.0,0.0005747079849243,0.231369154329842,0.0171751641958364,0.0176441181691109,4655,fixest
swiss_unit_trends,repdem,0.9865240973355754,0.3322306106937076,4655,245.0,4147.0,0.593861541012302,0.986524097335576,0.322904726526553,0.332270674680671,4655,fixest
swiss_quadratic_trends,repdem,1.2227277923354531,0.3921472545034939,4655,245.0,3903.0,2.3847366659902036,1.2227277923354,0.380527621877826,0.392247766424798,4655,fixest
swiss_distributed_lags,repdem,0.6364802377132458,0.3711915744260199,3920,245.0,3656.0,0.0012156250886619,0.636480237713243,0.359392408951033,0.37119157442603,3920,fixest
swiss_distributed_lags,lag1,1.2010652871642782,0.4372727567745413,3920,245.0,3656.0,0.0012519161682575,1.20106528716431,0.423373051149848,0.437272756774549,3920,fixest
swiss_distributed_lags,lag2,-0.1648692153678282,0.485165461849976,3920,245.0,3656.0,0.0012776250950992,-0.16486921536785,0.469743378048683,0.485165461849946,3920,fixest
swiss_distributed_lags,lag3,-0.5245206174067713,0.4244849946666605,3920,245.0,3656.0,0.0013005000073462,-0.524520617406783,0.410991777043182,0.424484994666642,3920,fixest
swiss_leads_lags,lead1,0.1707684558963592,0.3325836538156028,3675,245.0,3411.0,0.0012299579102545,0.170768455896353,0.321290636770316,0.332583653815603,3675,fixest
swiss_leads_lags,repdem,0.6975730933545045,0.455164779481059,3675,245.0,3411.0,0.0012674578465521,0.69757309335451,0.43970946905277,0.455164779481057,3675,fixest
swiss_leads_lags,lag1,0.8723962326551512,0.4781686149003999,3675,245.0,3411.0,0.0012955418787896,0.872396232655114,0.461932199620684,0.478168614900389,3675,fixest
swiss_leads_lags,lag2,0.0149409974932785,0.4744737953463366,3675,245.0,3411.0,0.0013200829271227,0.0149409974933272,0.458362839209697,0.474473795346342,3675,fixest
swiss_leads_lags,lag3,-0.290425226874294,0.4252644038828261,3675,245.0,3411.0,0.0013415419962257,-0.290425226874321,0.410824373211747,0.425264403882845,3675,fixest
swiss_svp_linear,repdem,0.611442312837523,0.3029475152949832,23747,1348.0,22378.0,0.0168231669813394,0.611442312838259,0.294221847920608,0.302947515126721,23747,fixest
swiss_svp_linear,repdem_svp,0.0271905811977904,0.0116744542454978,23747,1348.0,22378.0,0.0168892091605812,0.0271905811977692,0.0113381999349347,0.0116744542275639,23747,fixest
swiss_svp_linear,ue_rate,4.539538462862901,5.771091499801846,23747,1348.0,22378.0,0.0169479171745479,4.5395384628614,5.60486925120854,5.77109152248263,23747,fixest
swiss_svp_bins,repdem_q1,-0.0135647194945576,0.4295144830634102,23747,1348.0,22376.0,0.0262962919659912,-0.0135647194946025,0.417142303481563,0.429514483156795,23747,fixest
swiss_svp_bins,repdem_q2,0.728310541687727,0.3492339670236761,23747,1348.0,22376.0,0.0263674170710146,0.728310541687588,0.339174270362263,0.34923396696727,23747,fixest
swiss_svp_bins,repdem_q3,1.6637180807674627,0.2638729551024423,23747,1348.0,22376.0,0.0264300839044153,1.66371808076692,0.256272085416267,0.263872955095639,23747,fixest
swiss_svp_bins,repdem_q4,1.666508416800471,0.3169293795618945,23747,1348.0,22376.0,0.026485834037885,1.6665084168003,0.30780021763206,0.316929379466848,23747,fixest
swiss_svp_bins,ue_rate,4.901107393266277,5.763625058483572,23747,1348.0,22376.0,0.0265407499391585,4.901107393264,5.59760365782971,5.76362507936236,23747,fixest
ck_pooled,postperiod,-2.1655844155843744,1.2180247330240954,794,410.0,791.0,0.0001702499575912,-2.1655844155844,1.21802473302406,1.21802473302406,794,fixest
ck_pooled,nj,-2.891760733857036,1.4395461930077975,794,410.0,791.0,0.0001889578998088,-2.89176073385712,1.43954619300779,1.43954619300779,794,fixest
ck_pooled,did,2.7536057853572897,1.3066070124308726,794,410.0,791.0,0.0002064160071313,2.75360578535726,1.30660701243083,1.30660701243083,794,fixest
ck_fe,postperiod,-2.283333333333269,1.795827888431464,794,410.0,382.0,0.0003437499981373,-2.28333333333334,1.2479815113483,1.79582788843153,794,fixest
ck_fe,did,2.750000002469002,1.9247228412552495,794,410.0,382.0,0.0003629170823842,2.75000000246906,1.33755497162611,1.92472284125532,794,fixest
ck_first_difference,nj,2.750000002469031,1.3377253110409797,384,,383.0,4.158308729529381e-05,2.75000000246906,1.33772531104098,1.33772531104098,384,fixest
divorce_twfe,post,-3.0488946945627,2.356639502420011,1683,51.0,1599.0,0.0005383749958127,-3.04889469456269,2.32063617106881,2.35663950242,1683,fixest
divorce_event,event_m9,-3.1124652360820746,3.3680083719957423,1386,42.0,1287.0,0.0028272920753806,-3.11246523608244,3.31560967549404,3.36800837199591,1386,fixest
divorce_event,event_m8,-2.9818863449907793,3.654095830353031,1386,42.0,1287.0,0.0028631670866161,-2.98188634499114,3.59724625123822,3.65409583035312,1386,fixest
divorce_event,event_m7,-3.6431942817420944,3.8275321178999593,1386,42.0,1287.0,0.0028971671126782,-3.64319428174248,3.76798425707399,3.82753211790016,1386,fixest
divorce_event,event_m6,-1.7372688297869152,3.164016469097953,1386,42.0,1287.0,0.0029286670032888,-1.73726882978733,3.11479143151521,3.16401646909816,1386,fixest
divorce_event,event_m5,-3.912960820629825,2.7530499764355656,1386,42.0,1287.0,0.002959124976769,-3.91296082063024,2.71021866064419,2.75304997643579,1386,fixest
divorce_event,event_m4,-1.6447757726558525,2.508464673770254,1386,42.0,1287.0,0.0029891249723732,-1.64477577265626,2.46943855963746,2.5084646737705,1386,fixest
divorce_event,event_m3,-3.2543406020861525,2.8229820104995276,1386,42.0,1287.0,0.0030188339296728,-3.25434060208659,2.77906270827129,2.82298201049998,1386,fixest
divorce_event,event_m2,-1.5243336751849954,2.11970388621302,1386,42.0,1287.0,0.0030489999335259,-1.52433367518543,2.08672602263949,2.11970388621342,1386,fixest
divorce_event,event_p0,-0.0036364968141722,2.4747047832610987,1386,42.0,1287.0,0.0030805419664829,-0.0036364968146234,2.43620389770926,2.4747047832617,1386,fixest
divorce_event,event_p1,-1.56255210629187,3.120269503886866,1386,42.0,1287.0,0.0031114590819925,-1.56255210629233,3.0717250714871,3.12026950388746,1386,fixest
divorce_event,event_p2,-1.7260410953894572,4.02298444486903,1386,42.0,1287.0,0.0031414169352501,-1.72604109538995,3.96039578187498,4.02298444486977,1386,fixest
divorce_event,event_p3,-0.9629943972861856,3.1913534797640497,1386,42.0,1287.0,0.0031712499912828,-0.962994397286697,3.14170313928256,3.19135347976472,1386,fixest
divorce_event,event_p4,-1.7177540678004295,3.41606402611228,1386,42.0,1287.0,0.0032005000393837,-1.71775406780098,3.36291769084158,3.41606402611306,1386,fixest
divorce_event,event_p5,-2.005149882377244,3.283744245740693,1386,42.0,1287.0,0.003230124944821,-2.00514988237782,3.23265651105742,3.28374424574152,1386,fixest
divorce_event,event_p6,-2.084221517225018,3.984984137832427,1386,42.0,1287.0,0.0032594171352684,-2.0842215172256,3.92298667484019,3.98498413783324,1386,fixest
divorce_event,event_p7,-3.608049359016612,3.997446285457184,1386,42.0,1287.0,0.0032885419204831,-3.60804935901723,3.93525493925004,3.99744628545803,1386,fixest
divorce_event,event_p8,-5.821409553402227,3.70296812062761,1386,42.0,1287.0,0.003318834118545,-5.82140955340288,3.64535819770715,3.70296812062843,1386,fixest
divorce_event,event_p9,-4.545058202201896,3.5260538377949846,1386,42.0,1287.0,0.0033481251448392,-4.54505820220255,3.47119630643327,3.52605383779576,1386,fixest
divorce_event,event_p10,-8.429981924360957,4.074603897425219,1386,42.0,1287.0,0.0033777090720832,-8.42998192436161,4.01121215090845,4.074603897426,1386,fixest
divorce_event,event_p11,-8.54014339886925,4.0283777930530436,1386,42.0,1287.0,0.0034070000983774,-8.54014339886988,3.96570522159342,4.0283777930538,1386,fixest
divorce_event,event_p12,-6.908800026785189,4.493282648007053,1386,42.0,1287.0,0.0034361670259386,-6.90880002678563,4.42337719417096,4.49328264800763,1386,fixest
divorce_event,event_p13,-8.97891558824845,4.3132908852676755,1386,42.0,1287.0,0.0034653339534997,-8.97891558824898,4.2461857017121,4.31329088526825,1386,fixest
divorce_event,event_p14,-8.109811316504228,4.410083071530451,1386,42.0,1287.0,0.0034952501300722,-8.10981131650469,4.34147201749248,4.41008307153099,1386,fixest
divorce_event,event_p15,-10.158139808949077,4.788466899017305,1386,42.0,1287.0,0.0035245839972049,-10.1581398089496,4.71396903676865,4.78846689901778,1386,fixest
divorce_event,event_p16,-10.73042328847851,4.806494525216953,1386,42.0,1287.0,0.0035538340453058,-10.7304232884789,4.73171619332267,4.80649452521722,1386,fixest
famine_unadjusted,any_gen,-1.5407461899402817,0.8066777849423051,921,,920.0,7.820781320333481e-05,-1.54074618994027,0.806677784942312,0.806677784942312,921,fixest
famine_unadjusted_1954,any_gen,0.6839558529002177,0.3113387591687265,921,,920.0,6.879097782075405e-05,0.683955852900221,0.311338759168728,0.311338759168728,921,fixest
famine_unadjusted_1955,any_gen,-0.2613934995326812,0.2837559778691001,921,,920.0,6.820913404226303e-05,-0.261393499532686,0.283755977869103,0.283755977869103,921,fixest
famine_unadjusted_1956,any_gen,-0.0234219486142634,0.2434979358527884,921,,920.0,6.712484173476696e-05,-0.0234219486142642,0.24349793585279,0.24349793585279,921,fixest
famine_unadjusted_1958,any_gen,0.0903661853625042,0.386911636438571,921,,920.0,6.612506695091724e-05,0.0903661853625045,0.386911636438574,0.386911636438574,921,fixest
famine_unadjusted_1959,any_gen,-1.2009562153088935,1.0705965080815838,921,,920.0,6.616697646677494e-05,-1.20095621530892,1.07059650808159,1.07059650808159,921,fixest
famine_unadjusted_1960,any_gen,-3.4941401186411283,1.7761519453900696,921,,920.0,6.195809692144394e-05,-3.49414011864118,1.77615194539009,1.77615194539009,921,fixest
famine_unadjusted_1961,any_gen,-1.558254611173616,0.7556876176096462,921,,920.0,6.483402103185654e-05,-1.55825461117362,0.755687617609653,0.755687617609653,921,fixest
famine_unadjusted_1962,any_gen,-0.0438759513227878,0.2801744065710239,921,,920.0,6.645801477134228e-05,-0.0438759513227913,0.280174406571026,0.280174406571026,921,fixest
famine_unadjusted_1963,any_gen,-0.792530890571642,0.2597808379673267,921,,920.0,6.52081798762083e-05,-0.792530890571652,0.259780837967328,0.259780837967328,921,fixest
famine_unadjusted_1964,any_gen,-1.535315181108956,0.2697772559556873,921,,920.0,5.970802158117294e-05,-1.53531518110897,0.26977725595569,0.26977725595569,921,fixest
famine_unadjusted_1965,any_gen,-0.9405986419211372,0.2257238311183905,921,,920.0,6.591598503291607e-05,-0.940598641921146,0.225723831118392,0.225723831118392,921,fixest
famine_unadjusted_1966,any_gen,-0.733029307417924,0.2268864322248779,921,,920.0,6.612506695091724e-05,-0.733029307417934,0.22688643222488,0.22688643222488,921,fixest
famine_adjusted,any_gen,-2.688037966152756,0.771132443838054,921,,911.0,0.0002909169998019,-2.68803796615275,0.771132443838061,0.771132443838061,921,fixest
famine_adjusted_1954,any_gen,0.7702336105905219,0.2691371895491754,921,,911.0,0.0002576250117272,0.77023361059053,0.269137189549178,0.269137189549178,921,fixest
famine_adjusted_1955,any_gen,0.0866168588258322,0.2764283589816604,921,,911.0,0.0002765420358628,0.0866168588258348,0.276428358981663,0.276428358981663,921,fixest
famine_adjusted_1956,any_gen,-0.1013013079285887,0.2857744774862415,921,,911.0,0.0002626669593155,-0.101301307928591,0.285774477486244,0.285774477486244,921,fixest
famine_adjusted_1958,any_gen,-0.7564327608363538,0.3761371133296832,921,,911.0,0.0002604168839752,-0.756432760836367,0.376137113329686,0.376137113329686,921,fixest
famine_adjusted_1959,any_gen,-3.142894663841181,1.1049084794334263,921,,911.0,0.0002521669957786,-3.14289466384123,1.10490847943344,1.10490847943344,921,fixest
famine_adjusted_1960,any_gen,-5.4935003594341065,1.7321436494034068,921,,911.0,0.0002506251912564,-5.49350035943417,1.73214364940343,1.73214364940343,921,fixest
famine_adjusted_1961,any_gen,-1.3593240804994018,0.7754016424159531,921,,911.0,0.0002590829972177,-1.35932408049939,0.775401642415962,0.775401642415962,921,fixest
famine_adjusted_1962,any_gen,-0.099036469059701,0.3341036931956174,921,,911.0,0.0002656250726431,-0.0990364690597046,0.334103693195621,0.334103693195621,921,fixest
famine_adjusted_1963,any_gen,-0.4995105816806438,0.2482658761806479,921,,911.0,0.0002602499444037,-0.499510581680648,0.24826587618065,0.24826587618065,921,fixest
famine_adjusted_1964,any_gen,-0.838530061519235,0.2629842880599133,921,,911.0,0.000266958028078,-0.838530061519243,0.262984288059916,0.262984288059916,921,fixest
famine_adjusted_1965,any_gen,-0.5565613010289674,0.2238256255929409,921,,911.0,0.0002547500189393,-0.556561301028974,0.223825625592943,0.223825625592943,921,fixest
famine_adjusted_1966,any_gen,-0.511993335460052,0.22523673196193,921,,911.0,0.0002471250481903,-0.511993335460062,0.225236731961932,0.225236731961932,921,fixest
famine_interacted,any_gen,-2.7795457107601833,0.7819580595819464,921,,902.0,0.0006084169726818,-2.77954571076016,0.781958059581953,0.781958059581953,921,fixest
famine_interacted_1954,any_gen,0.8359860975264962,0.2695256692231423,921,,902.0,0.0006014578975737,0.835986097526506,0.269525669223144,0.269525669223144,921,fixest
famine_interacted_1955,any_gen,0.0961732924741067,0.282483514404301,921,,902.0,0.0006070830859243,0.0961732924741074,0.282483514404303,0.282483514404303,921,fixest
famine_interacted_1956,any_gen,-0.1303879504750479,0.2874277802947827,921,,902.0,0.0006066248752176,-0.130387950475045,0.287427780294785,0.287427780294785,921,fixest
famine_interacted_1958,any_gen,-0.7557614210991526,0.384329387387107,921,,902.0,0.0006029589567333,-0.755761421099158,0.384329387387111,0.384329387387111,921,fixest
famine_interacted_1959,any_gen,-3.140770589738125,1.1176323379238695,921,,902.0,0.0006121669430285,-3.14077058973815,1.11763233792388,1.11763233792388,921,fixest
famine_interacted_1960,any_gen,-5.7013057099738145,1.7615578279468544,921,,902.0,0.0006098330486565,-5.70130570997386,1.76155782794687,1.76155782794687,921,fixest
famine_interacted_1961,any_gen,-1.5203451222296571,0.805616462698258,921,,902.0,0.0006011668592691,-1.52034512222963,0.805616462698265,0.805616462698265,921,fixest
famine_interacted_1962,any_gen,-0.0892657279889749,0.3487556215053831,921,,902.0,0.0006050840020179,-0.0892657279889773,0.348755621505386,0.348755621505386,921,fixest
famine_interacted_1963,any_gen,-0.5498180691116923,0.2541549094768567,921,,902.0,0.00060979090631,-0.549818069111693,0.254154909476859,0.254154909476859,921,fixest
famine_interacted_1964,any_gen,-0.9214299353896134,0.2702263986626882,921,,902.0,0.0006005000323057,-0.921429935389622,0.270226398662691,0.270226398662691,921,fixest
famine_interacted_1965,any_gen,-0.5873005251442085,0.2269251897022282,921,,902.0,0.0006075000856071,-0.587300525144218,0.226925189702231,0.226925189702231,921,fixest
famine_interacted_1966,any_gen,-0.5287667914130733,0.2277723498108483,921,,902.0,0.000630292110145,-0.528766791413087,0.227772349810851,0.227772349810851,921,fixest
gs2020_twfe,cand_A_all,0.1275398085700267,0.025934474278954,6847,489.0,6341.0,0.0031613749451935,0.12753980857003,0.0249906624723339,0.0259344742722704,6847,fixest
turnout_twfe,policy_edr,0.777574311629364,3.246683284549942,1128,47.0,1055.0,0.0005532498471438,0.77757431162937,3.17813612904009,3.24668328454994,1128,fixest
turnout_twfe,policy_mail_in,-0.9442963010381232,1.7935707599206243,1128,47.0,1055.0,0.0005878338124603,-0.94429630103812,1.75570313840569,1.79357075992062,1128,fixest
turnout_twfe,policy_motor,-0.2057072380926653,1.4252493797003063,1128,47.0,1055.0,0.0006168338004499,-0.205707238092666,1.39515811969489,1.4252493797003,1128,fixest
