model,term,estimate,se,n,clusters,residual_df,elapsed_seconds
fatalities_pooled,beertax,0.36460544036774156,0.11968557587020251,336,48.0,335.0,0.00039562489837408066
fatalities_unit_fe,beertax,-0.6558737221504309,0.31484759309473725,336,48.0,287.0,0.0005494579672813416
fatalities_twfe,beertax,-0.6399799857068672,0.3857867217923436,336,48.0,281.0,0.0003161670174449682
swiss_pooled,repdem,2.5033175649500943,0.21952021463006005,4655,245.0,4654.0,0.00023174984380602837
swiss_unit_fe,repdem,3.02279975419408,0.1906916237252373,4655,245.0,4409.0,0.0004492080770432949
swiss_twfe,repdem,1.2036582335095474,0.31145882990123125,4655,245.0,4391.0,0.0009470840450376272
swiss_common_trend,repdem,0.824792788060559,0.26613495132498294,4655,245.0,4408.0,0.0005496249068528414
swiss_common_trend,time,0.23136915432984081,0.017644118169111038,4655,245.0,4408.0,0.0005747079849243164
swiss_unit_trends,repdem,0.9865240973355754,0.3322306106937076,4655,245.0,4147.0,0.593861541012302
swiss_quadratic_trends,repdem,1.2227277923354531,0.39214725450349397,4655,245.0,3903.0,2.3847366659902036
swiss_distributed_lags,repdem,0.6364802377132458,0.3711915744260199,3920,245.0,3656.0,0.001215625088661909
swiss_distributed_lags,lag1,1.2010652871642782,0.43727275677454136,3920,245.0,3656.0,0.0012519161682575941
swiss_distributed_lags,lag2,-0.16486921536782823,0.48516546184997605,3920,245.0,3656.0,0.0012776250950992107
swiss_distributed_lags,lag3,-0.5245206174067713,0.42448499466666056,3920,245.0,3656.0,0.0013005000073462725
swiss_leads_lags,lead1,0.17076845589635928,0.3325836538156028,3675,245.0,3411.0,0.0012299579102545977
swiss_leads_lags,repdem,0.6975730933545045,0.455164779481059,3675,245.0,3411.0,0.0012674578465521336
swiss_leads_lags,lag1,0.8723962326551512,0.4781686149003999,3675,245.0,3411.0,0.0012955418787896633
swiss_leads_lags,lag2,0.014940997493278542,0.4744737953463366,3675,245.0,3411.0,0.0013200829271227121
swiss_leads_lags,lag3,-0.29042522687429406,0.42526440388282616,3675,245.0,3411.0,0.0013415419962257147
swiss_svp_linear,repdem,0.611442312837523,0.30294751529498326,23747,1348.0,22378.0,0.016823166981339455
swiss_svp_linear,repdem_svp,0.02719058119779045,0.011674454245497864,23747,1348.0,22378.0,0.01688920916058123
swiss_svp_linear,ue_rate,4.539538462862901,5.771091499801846,23747,1348.0,22378.0,0.01694791717454791
swiss_svp_bins,repdem_q1,-0.01356471949455766,0.4295144830634102,23747,1348.0,22376.0,0.02629629196599126
swiss_svp_bins,repdem_q2,0.728310541687727,0.34923396702367615,23747,1348.0,22376.0,0.026367417071014643
swiss_svp_bins,repdem_q3,1.6637180807674627,0.2638729551024423,23747,1348.0,22376.0,0.02643008390441537
swiss_svp_bins,repdem_q4,1.666508416800471,0.3169293795618945,23747,1348.0,22376.0,0.02648583403788507
swiss_svp_bins,ue_rate,4.901107393266277,5.763625058483572,23747,1348.0,22376.0,0.02654074993915856
ck_pooled,postperiod,-2.1655844155843744,1.2180247330240954,794,410.0,791.0,0.00017024995759129524
ck_pooled,nj,-2.891760733857036,1.4395461930077977,794,410.0,791.0,0.00018895789980888367
ck_pooled,did,2.7536057853572897,1.3066070124308726,794,410.0,791.0,0.00020641600713133812
ck_fe,postperiod,-2.283333333333269,1.795827888431464,794,410.0,382.0,0.00034374999813735485
ck_fe,did,2.750000002469002,1.9247228412552497,794,410.0,382.0,0.0003629170823842287
ck_first_difference,nj,2.750000002469031,1.3377253110409797,384,,383.0,4.158308729529381e-05
divorce_twfe,post,-3.0488946945627,2.356639502420011,1683,51.0,1599.0,0.0005383749958127737
divorce_event,event_m9,-3.1124652360820746,3.3680083719957423,1386,42.0,1287.0,0.002827292075380683
divorce_event,event_m8,-2.9818863449907793,3.6540958303530315,1386,42.0,1287.0,0.0028631670866161585
divorce_event,event_m7,-3.6431942817420944,3.8275321178999593,1386,42.0,1287.0,0.0028971671126782894
divorce_event,event_m6,-1.7372688297869152,3.164016469097953,1386,42.0,1287.0,0.002928667003288865
divorce_event,event_m5,-3.9129608206298245,2.7530499764355656,1386,42.0,1287.0,0.0029591249767690897
divorce_event,event_m4,-1.6447757726558523,2.508464673770254,1386,42.0,1287.0,0.002989124972373247
divorce_event,event_m3,-3.2543406020861525,2.8229820104995276,1386,42.0,1287.0,0.0030188339296728373
divorce_event,event_m2,-1.5243336751849954,2.11970388621302,1386,42.0,1287.0,0.00304899993352592
divorce_event,event_p0,-0.003636496814172249,2.4747047832610987,1386,42.0,1287.0,0.003080541966482997
divorce_event,event_p1,-1.56255210629187,3.120269503886866,1386,42.0,1287.0,0.003111459081992507
divorce_event,event_p2,-1.7260410953894572,4.02298444486903,1386,42.0,1287.0,0.003141416935250163
divorce_event,event_p3,-0.9629943972861857,3.1913534797640497,1386,42.0,1287.0,0.0031712499912828207
divorce_event,event_p4,-1.7177540678004297,3.41606402611228,1386,42.0,1287.0,0.003200500039383769
divorce_event,event_p5,-2.005149882377244,3.283744245740693,1386,42.0,1287.0,0.003230124944821
divorce_event,event_p6,-2.0842215172250174,3.9849841378324276,1386,42.0,1287.0,0.00325941713526845
divorce_event,event_p7,-3.6080493590166123,3.9974462854571837,1386,42.0,1287.0,0.0032885419204831123
divorce_event,event_p8,-5.821409553402227,3.70296812062761,1386,42.0,1287.0,0.0033188341185450554
divorce_event,event_p9,-4.545058202201896,3.5260538377949846,1386,42.0,1287.0,0.003348125144839287
divorce_event,event_p10,-8.429981924360957,4.074603897425219,1386,42.0,1287.0,0.003377709072083235
divorce_event,event_p11,-8.54014339886925,4.0283777930530436,1386,42.0,1287.0,0.003407000098377466
divorce_event,event_p12,-6.908800026785189,4.493282648007053,1386,42.0,1287.0,0.00343616702593863
divorce_event,event_p13,-8.97891558824845,4.3132908852676755,1386,42.0,1287.0,0.003465333953499794
divorce_event,event_p14,-8.109811316504228,4.410083071530451,1386,42.0,1287.0,0.003495250130072236
divorce_event,event_p15,-10.158139808949075,4.788466899017305,1386,42.0,1287.0,0.0035245839972049
divorce_event,event_p16,-10.73042328847851,4.806494525216953,1386,42.0,1287.0,0.003553834045305848
famine_unadjusted,any_gen,-1.5407461899402817,0.8066777849423051,921,,920.0,7.820781320333481e-05
famine_unadjusted_1954,any_gen,0.6839558529002177,0.3113387591687265,921,,920.0,6.879097782075405e-05
famine_unadjusted_1955,any_gen,-0.2613934995326812,0.2837559778691001,921,,920.0,6.820913404226303e-05
famine_unadjusted_1956,any_gen,-0.023421948614263426,0.2434979358527884,921,,920.0,6.712484173476696e-05
famine_unadjusted_1958,any_gen,0.09036618536250426,0.386911636438571,921,,920.0,6.612506695091724e-05
famine_unadjusted_1959,any_gen,-1.2009562153088937,1.0705965080815838,921,,920.0,6.616697646677494e-05
famine_unadjusted_1960,any_gen,-3.4941401186411283,1.7761519453900696,921,,920.0,6.195809692144394e-05
famine_unadjusted_1961,any_gen,-1.558254611173616,0.7556876176096462,921,,920.0,6.483402103185654e-05
famine_unadjusted_1962,any_gen,-0.043875951322787876,0.2801744065710239,921,,920.0,6.645801477134228e-05
famine_unadjusted_1963,any_gen,-0.792530890571642,0.25978083796732676,921,,920.0,6.52081798762083e-05
famine_unadjusted_1964,any_gen,-1.535315181108956,0.2697772559556873,921,,920.0,5.970802158117294e-05
famine_unadjusted_1965,any_gen,-0.9405986419211372,0.2257238311183905,921,,920.0,6.591598503291607e-05
famine_unadjusted_1966,any_gen,-0.733029307417924,0.22688643222487798,921,,920.0,6.612506695091724e-05
famine_adjusted,any_gen,-2.688037966152756,0.771132443838054,921,,911.0,0.00029091699980199337
famine_adjusted_1954,any_gen,0.7702336105905219,0.2691371895491754,921,,911.0,0.00025762501172721386
famine_adjusted_1955,any_gen,0.08661685882583225,0.27642835898166046,921,,911.0,0.00027654203586280346
famine_adjusted_1956,any_gen,-0.10130130792858875,0.2857744774862415,921,,911.0,0.0002626669593155384
famine_adjusted_1958,any_gen,-0.7564327608363538,0.37613711332968325,921,,911.0,0.0002604168839752674
famine_adjusted_1959,any_gen,-3.142894663841181,1.1049084794334263,921,,911.0,0.00025216699577867985
famine_adjusted_1960,any_gen,-5.4935003594341065,1.7321436494034068,921,,911.0,0.0002506251912564039
famine_adjusted_1961,any_gen,-1.3593240804994018,0.7754016424159531,921,,911.0,0.0002590829972177744
famine_adjusted_1962,any_gen,-0.099036469059701,0.33410369319561745,921,,911.0,0.0002656250726431608
famine_adjusted_1963,any_gen,-0.49951058168064383,0.24826587618064797,921,,911.0,0.0002602499444037676
famine_adjusted_1964,any_gen,-0.838530061519235,0.26298428805991336,921,,911.0,0.0002669580280780792
famine_adjusted_1965,any_gen,-0.5565613010289674,0.22382562559294097,921,,911.0,0.0002547500189393759
famine_adjusted_1966,any_gen,-0.511993335460052,0.22523673196193,921,,911.0,0.0002471250481903553
famine_interacted,any_gen,-2.7795457107601833,0.7819580595819464,921,,902.0,0.00060841697268188
famine_interacted_1954,any_gen,0.8359860975264962,0.2695256692231423,921,,902.0,0.0006014578975737095
famine_interacted_1955,any_gen,0.09617329247410679,0.282483514404301,921,,902.0,0.000607083085924387
famine_interacted_1956,any_gen,-0.13038795047504798,0.2874277802947827,921,,902.0,0.0006066248752176762
famine_interacted_1958,any_gen,-0.7557614210991526,0.384329387387107,921,,902.0,0.000602958956733346
famine_interacted_1959,any_gen,-3.140770589738125,1.1176323379238697,921,,902.0,0.0006121669430285692
famine_interacted_1960,any_gen,-5.7013057099738145,1.7615578279468544,921,,902.0,0.0006098330486565828
famine_interacted_1961,any_gen,-1.5203451222296573,0.805616462698258,921,,902.0,0.0006011668592691422
famine_interacted_1962,any_gen,-0.08926572798897497,0.3487556215053831,921,,902.0,0.0006050840020179749
famine_interacted_1963,any_gen,-0.5498180691116923,0.25415490947685676,921,,902.0,0.0006097909063100815
famine_interacted_1964,any_gen,-0.9214299353896134,0.27022639866268827,921,,902.0,0.0006005000323057175
famine_interacted_1965,any_gen,-0.5873005251442085,0.22692518970222825,921,,902.0,0.0006075000856071711
famine_interacted_1966,any_gen,-0.5287667914130733,0.2277723498108483,921,,902.0,0.000630292110145092
gs2020_twfe,cand_A_all,0.1275398085700267,0.02593447427895405,6847,489.0,6341.0,0.003161374945193529
turnout_twfe,policy_edr,0.777574311629364,3.246683284549942,1128,47.0,1055.0,0.0005532498471438885
turnout_twfe,policy_mail_in,-0.9442963010381233,1.7935707599206245,1128,47.0,1055.0,0.0005878338124603033
turnout_twfe,policy_motor,-0.20570723809266536,1.4252493797003065,1128,47.0,1055.0,0.0006168338004499674
