"name","term","estimate","se","aligned_se","n"
"Beazer_Reuter_2022_JOP","appointed",19.5529275043335,8.66784206850457,9.12387727602651,1836
"Bischof_Wagner_2019_AJPS","rtreatment",0.117472525986875,0.0584882513226169,0.0594651581579066,534
"Bisgaard_Slothuus_2018_AJPS","treatment",-0.0541142557651998,0.0178891656613739,0.0253102334159717,1140
"Blair_etal_2022_JOP","ucdp_lead",-0.650136115208393,0.322820919731995,0.332183581866687,2736
"Bokobza_etal_2022_JOP","coupattempt_whogov",0.105548766926605,0.0322659442584978,0.0327816479151307,3676
"Caughey_etal_2017_JOP","gov_dem",0.0122267168142838,0.00363157114035194,0.00365670342043765,3586
"Christensen_Garfias_2021_JOP","cad_update",0.0316745341247012,0.0279053520879326,0.029207737389905,47173
"Clarke_2020_AJPS","bdc",0.0780042006528724,0.0212949043901376,0.0236980495935732,3476
"Clayton_Zetterberg_2018_JOP","adopt_quotalag",0.765671194026599,0.338072354574927,0.349220116958952,2144
"Cox_Dincecco_2021_JOP","interactionBE",0.392174011358982,0.107643969974984,0.108088271670678,1361
"Dahlstrom_Holmgren_2023_JOP","conflict",-1.78787599798242,0.58125857195391,0.602658850625168,5313
"Dipoppa_etal_2023_JOP","covid_econ",0.00124343488293838,0.000361611443732077,0.000362754089998291,1259477
"Distelhorst_Locke_2018_AJPS","compyr",0.142563833765354,0.0481603770883528,0.0598495030508914,6397
"Eckhouse_2022_AJPS","HASCOMPSTAT",0.013020379016337,0.00862730944604198,0.00883328356092213,1023
"Esberg_Siegel_2023_APSR","tweeted_exile",2.80872944585957,0.636747238662338,0.641815468172127,21895
"Fouirnaies_2018_AJPS","Leader",0.8676542849825,0.0663112546730608,0.0832562204183391,45427
"Fouirnaies_Hall_2018_AJPS","cmt",0.279204650700375,0.0143381230141943,0.0185073119211722,414441
"Fouirnaies_Hall_2022_APSR","termlimited",-0.242228017102409,0.0281605610575841,0.0370705885933213,11100
"Fresh_2018_JOP","post_x_covered",0.175045381304668,0.0633677373672429,0.0653252728233121,1695
"Garfias_2019_JOP","tribunalm",0.0690175292910363,0.0288204338983725,0.0293926075129424,445
"Grumbach_2023_APSR","Republican",-0.443943100294199,0.154771948825952,0.15954210308253,748
"Grumbach_Hill_2022_JOP","temp_var",0.0306758014567148,0.0156924432299856,0.0161005783530011,920
"Grumbach_Sahn_2020_APSR","cand_A_all",0.128098297583548,0.0250066938339636,0.0259514036304442,6847
"Hainmueller_Hangartner_2019_AJPS","indirect",1.60857888840667,0.195296156913256,0.200648044548478,17594
"Hankinson_Magazinnik_2023_JOP","treatment_use",-1.10112737391866,0.328531153323218,0.346861984710871,397
"Hirano_etal_2022_JOP","prim_sw",0.415759509453055,0.087720955185764,0.0896759797646896,769
"Jiang_2018_AJPS","nd",-0.755434686506987,0.201841128902891,0.211746511509303,3879
"Kilborn_Vishwanath_2022_AJPS","CleanYear",0.0688731310039695,0.0181031007628159,0.0270420126559173,1014
"Kogan_2021_JOP","rollout",0.806954929632204,0.270658732156783,0.290107415303933,23606
"Kroeger_Silfa_2023_JOP","treated",0.0283502862604691,0.0100110383986846,0.0109666076082841,17010
"Kuipers_Sahn_2023_APSR","treat_use2",0.0555690599984901,0.0143046440666806,0.0157552596619926,1474
"Latura_Weeks_2023_AJPS","quota",0.0328103103748933,0.0097002246539801,0.0103345098644039,761
"Liao_2023_JOP","treatment",-0.0445576804804917,0.00627747265602308,0.00804988819575371,981095
"Magaloni_etal_2020_APSR","upp_post",-0.269170541984493,0.284911297584923,0.286020519380072,36956
"Marsh_2023_APSR","tr_ar",-0.0126404814376093,0.00330195124753963,0.00352117243570373,23952
"Paglayan_2022_APSR","treatment",6.28577422383232,1.78714407690096,1.80020253983789,2882
"Payson_2020_APSR","mismatch",0.0396831294161753,0.0185718602358904,0.019765254766649,6159
"Payson_2020_JOP","lobby",8.69521761085413,3.72670231459876,3.88152288154926,5209
"Pierskalla_Sacks_2018_JOP","election_year",-0.136400308689479,0.0338488965874947,0.037416374665344,2524
"Ravanilla_2022_JOP","interaction",0.361467769530306,0.177846970172064,0.251849620904151,378
"Schafer_2022_AJPS","treatment_alt",-0.0303713040855324,0.00214194430434725,0.00259316768286682,1125539
"Schubiger_2021_JOP","treatment",0.0472817579062804,0.0100093276079203,0.0141556228381937,23916
"Schuit_Rogowski_2017_AJPS","treatment",-0.160980574116782,0.038366360060214,0.044998266266062,879
"Skorge_2023_AJPS","neg_treatment",-0.0918344753620112,0.00682061320503848,0.00736818726386202,3983
"Trounstine_2020_APSR","fairhousingimp_v1",-0.0506066897567558,0.00842375412153937,0.00853101833486248,182766
"Weschle_2021_JOP","minister.post",1.82591935065405,0.821463682768256,0.907289122349959,4639
"Zhang_etal_2021_JOP","mfc1978",0.109830952151674,0.0610153777062792,0.0770356152029262,166
