name,status,scope,estimate,se,n,seconds
Beazer_Reuter_2022_JOP,completed,source point specification,19.552927504333564,9.123877275656536,1836.0,0.0017504580318927765
Bischof_Wagner_2019_AJPS,completed,source point specification,0.11747252598687499,0.05946515664455393,534.0,0.0004002919886261225
Bisgaard_Slothuus_2018_AJPS,completed,source point specification,-0.054114255765199154,0.025310233415971665,1140.0,0.0005130828358232975
Blair_etal_2022_JOP,completed,source point specification,-0.6501361152083921,0.3321835818666862,2736.0,0.0006082090549170971
Bokobza_etal_2022_JOP,completed,source point specification,0.1055487669266062,0.03278164760652075,3676.0,0.0019578749779611826
Caughey_etal_2017_JOP,completed,source point specification,0.012226716814283453,0.0036567033911334168,3586.0,0.0011250830721110106
Christensen_Garfias_2021_JOP,completed,source point specification,0.03167453412471632,0.029207737394713894,47173.0,0.015607667155563831
Clarke_2020_AJPS,completed,source point specification,0.078004200650799,0.02369804753034253,3476.0,0.0026563331484794617
Clayton_Zetterberg_2018_JOP,completed,source point specification,0.7656711940265996,0.34922011663328495,2144.0,0.0015118748415261507
Cox_Dincecco_2021_JOP,completed,source point specification,0.3921740113589885,0.10808826466919971,1361.0,0.0009480409789830446
Dahlstrom_Holmgren_2023_JOP,completed,source point specification,-1.7878759979826868,0.6026588615902527,5313.0,0.006293290993198752
Dipoppa_etal_2023_JOP,completed,source point specification,0.0012434348829128469,0.0003627540899761252,1259477.0,0.15919720800593495
Distelhorst_Locke_2018_AJPS,completed,source point specification,0.1425638337653529,0.059849503079585066,6397.0,0.0017507500015199184
Eckhouse_2022_AJPS,completed,source point specification,0.01302037901633711,0.008833283640312516,1023.0,0.000439290888607502
Esberg_Siegel_2023_APSR,completed,source point specification,2.8087294458596013,0.6418154674881833,21895.0,0.023661250015720725
Fouirnaies_2018_AJPS,completed,source point specification,0.8676542849837783,0.08325622233908665,45427.0,0.9949004999361932
Fouirnaies_Hall_2018_AJPS,completed,source point specification,0.2792046507003939,0.01850731197303396,414441.0,0.3125214169267565
Fouirnaies_Hall_2022_APSR,completed,source point specification,-0.2422280171009983,0.03707059086092066,11100.0,0.0571943752001971
Fresh_2018_JOP,completed,source point specification,0.17504538130466893,0.06532527282310796,1695.0,0.000526708085089922
Garfias_2019_JOP,completed,source point specification,0.06901752929103616,0.029392607481208664,445.0,0.000331709161400795
Grumbach_2023_APSR,completed,source point specification,-0.4439431002941997,0.15954210308252997,748.0,0.0003780829720199108
Grumbach_Hill_2022_JOP,completed,source point specification,0.03067580145671481,0.016100578353001084,920.0,0.0004136250354349613
Grumbach_Sahn_2020_APSR,completed,source point specification,0.1280982975835418,0.025951403632032907,6847.0,0.003212417010217905
Hainmueller_Hangartner_2019_AJPS,completed,source point specification,1.6085788884068268,0.20064804454850002,17594.0,0.0021308748982846737
Hall_Yoder_2022_JOP,resource-limited: published n > 80 million; not loaded,not run,,,,
Hankinson_Magazinnik_2023_JOP,completed,source point specification,-1.1011273739186613,0.34686198454215283,397.0,0.0004430839326232672
Hirano_etal_2022_JOP,completed,source point specification,0.4157595094530551,0.08967598011339785,769.0,0.00036508310586214066
Jiang_2018_AJPS,completed,source point specification,-0.755434686506993,0.21174649141460916,3879.0,0.003344415919855237
Kilborn_Vishwanath_2022_AJPS,completed,source point specification,0.06887313100047206,0.027042027586053324,1014.0,0.0013739580754190683
Kogan_2021_JOP,completed,baseline only: source also requires unit-specific slopes,0.8069549296326604,0.29010742263082107,23606.0,0.049229250056669116
Kroeger_Silfa_2023_JOP,completed,source point specification,0.028350286260469,0.010966607608285028,17010.0,0.002707167062908411
Kuipers_Sahn_2023_APSR,completed,source point specification,0.055569059998489115,0.015755259648425102,1474.0,0.0007308749482035637
Latura_Weeks_2023_AJPS,completed,source point specification,0.03281031037489325,0.010334509855420297,761.0,0.0005374171305447817
Liao_2023_JOP,completed,source point specification,-0.044557680751757825,0.008049929083713726,981095.0,1.6429680830333382
Magaloni_etal_2020_APSR,completed,baseline only: source also requires unit-specific slopes,-0.26917054198458606,0.2860205193887384,36956.0,0.007047416875138879
Marsh_2023_APSR,completed,source point specification,-0.012640481437590032,0.00352117243207077,23952.0,0.01146666705608368
Paglayan_2022_APSR,completed,source point specification,6.285774223832326,1.800202535197754,2882.0,0.0013249581679701805
Payson_2020_APSR,completed,source point specification,0.03968312941617561,0.01976525476664852,6159.0,0.0010851251427084208
Payson_2020_JOP,completed,source point specification,8.695217610854119,3.8815228802322506,5209.0,0.0015303329564630985
Pierskalla_Sacks_2018_JOP,completed,source point specification,-0.13640030869045602,0.03741637416018346,2524.0,0.0036927498877048492
Ravanilla_2022_JOP,completed,source point specification,0.36146776953030807,0.2518496209041529,378.0,0.00037954095751047134
Sanford_2023_AJPS,resource-limited: published n > 80 million; not loaded,not run,,,,
Schafer_2022_AJPS,completed,source point specification,-0.03039189355996058,0.002593193093690462,1125539.0,6.155964291188866
Schubiger_2021_JOP,completed,source point specification,0.047281757906322774,0.014155622838199669,23916.0,0.005048459162935615
Schuit_Rogowski_2017_AJPS,completed,source point specification,-0.16098057411678734,0.04499826616346063,879.0,0.0007139160297811031
Skorge_2023_AJPS,completed,source point specification,-0.09183447536201089,0.007368187263862036,3983.0,0.001452708151191473
Trounstine_2020_APSR,completed,source point specification,-0.05060668975675493,0.008531018270619407,182766.0,0.04094066680409014
Weschle_2021_JOP,completed,source point specification,1.8259193506541107,0.9072891224107328,4639.0,0.005696874810382724
Zhang_etal_2021_JOP,completed,source point specification,0.10983095215167431,0.07703561520422883,166.0,0.000315624987706542
