name,status,scope,estimate_cm,se_cm,n_cm,seconds,term,estimate_r,se_r,aligned_se,n_r,coef_error,se_aligned_error,archived_twfe,archived_point_error
Beazer_Reuter_2022_JOP,completed,source point specification,19.552927504333564,9.123877275656536,1836.0,0.0017504580318927,appointed,19.5529275043335,8.66784206850457,9.12387727602651,1836.0,6.394884621840902e-14,3.6997427343976597e-10,19.5529275043335,6.394884621840902e-14
Bischof_Wagner_2019_AJPS,completed,source point specification,0.1174725259868749,0.0594651566445539,534.0,0.0004002919886261,rtreatment,0.117472525986875,0.0584882513226169,0.0594651581579066,534.0,1.1102230246251565e-16,1.5133527000998903e-09,0.117472525986875,1.1102230246251565e-16
Bisgaard_Slothuus_2018_AJPS,completed,source point specification,-0.0541142557651991,0.0253102334159716,1140.0,0.0005130828358232,treatment,-0.0541142557651998,0.0178891656613739,0.0253102334159717,1140.0,7.008282842946301e-16,1.0061396160665481e-16,-0.0541142557651991,0.0
Blair_etal_2022_JOP,completed,source point specification,-0.6501361152083921,0.3321835818666862,2736.0,0.000608209054917,ucdp_lead,-0.650136115208393,0.322820919731995,0.332183581866687,2736.0,8.881784197001252e-16,8.326672684688674e-16,-0.650136115208391,1.1102230246251565e-15
Bokobza_etal_2022_JOP,completed,source point specification,0.1055487669266062,0.0327816476065207,3676.0,0.0019578749779611,coupattempt_whogov,0.105548766926605,0.0322659442584978,0.0327816479151307,3676.0,1.1934897514720433e-15,3.086099986671087e-10,0.105548766926605,1.1934897514720433e-15
Caughey_etal_2017_JOP,completed,source point specification,0.0122267168142834,0.0036567033911334,3586.0,0.001125083072111,gov_dem,0.0122267168142838,0.0036315711403519,0.0036567034204376,3586.0,4.0072112295064244e-16,2.9304200125507274e-11,0.0122267168142838,4.0072112295064244e-16
Christensen_Garfias_2021_JOP,completed,source point specification,0.0316745341247163,0.0292077373947138,47173.0,0.0156076671555638,cad_update,0.0316745341247012,0.0279053520879326,0.029207737389905,47173.0,1.509903313490213e-14,4.808799192179691e-12,0.0857317223552181,0.054057188230501804
Clarke_2020_AJPS,completed,source point specification,0.078004200650799,0.0236980475303425,3476.0,0.0026563331484794,bdc,0.0780042006528724,0.0212949043901376,0.0236980495935732,3476.0,2.073410887426519e-12,2.0632307008716655e-09,0.0780042006528724,2.073410887426519e-12
Clayton_Zetterberg_2018_JOP,completed,source point specification,0.7656711940265996,0.3492201166332849,2144.0,0.0015118748415261,adopt_quotalag,0.765671194026599,0.338072354574927,0.349220116958952,2144.0,5.551115123125783e-16,3.256671043949666e-10,0.765671194026599,5.551115123125783e-16
Cox_Dincecco_2021_JOP,completed,source point specification,0.3921740113589885,0.1080882646691997,1361.0,0.000948040978983,interactionBE,0.392174011358982,0.107643969974984,0.108088271670678,1361.0,6.494804694057166e-15,7.001478299906161e-09,0.392174011358982,6.494804694057166e-15
Dahlstrom_Holmgren_2023_JOP,completed,source point specification,-1.7878759979826868,0.6026588615902527,5313.0,0.0062932909931987,conflict,-1.78787599798242,0.58125857195391,0.602658850625168,5313.0,2.6689761511988763e-13,1.0965084729086527e-08,-1.78787599798242,2.6689761511988763e-13
Dipoppa_etal_2023_JOP,completed,source point specification,0.0012434348829128,0.0003627540899761,1259477.0,0.1591972080059349,covid_econ,0.0012434348829383,0.000361611443732,0.0003627540899982,1259477.0,2.550000141599007e-14,2.2099997613184152e-14,0.0012434348829195,6.699935745091423e-15
Distelhorst_Locke_2018_AJPS,completed,source point specification,0.1425638337653529,0.059849503079585,6397.0,0.0017507500015199,compyr,0.142563833765354,0.0481603770883528,0.0598495030508914,6397.0,1.1102230246251565e-15,2.8693596110240804e-11,0.142563833765352,8.881784197001252e-16
Eckhouse_2022_AJPS,completed,source point specification,0.0130203790163371,0.0088332836403125,1023.0,0.0004392908886075,HASCOMPSTAT,0.013020379016337,0.0086273094460419,0.0088332835609221,1023.0,1.0061396160665481e-16,7.939040050364277e-11,2.80872944585957,2.795709066843233
Esberg_Siegel_2023_APSR,completed,source point specification,2.8087294458596013,0.6418154674881833,21895.0,0.0236612500157207,tweeted_exile,2.80872944585957,0.636747238662338,0.641815468172127,21895.0,3.108624468950438e-14,6.839436794692233e-10,0.0129951163828126,2.7957343294767885
Fouirnaies_2018_AJPS,completed,source point specification,0.8676542849837783,0.0832562223390866,45427.0,0.9949004999361932,Leader,0.8676542849825,0.0663112546730608,0.0832562204183391,45427.0,1.2783107905534052e-12,1.920747491612751e-09,0.8676542849825,1.2783107905534052e-12
Fouirnaies_Hall_2018_AJPS,completed,source point specification,0.2792046507003939,0.0185073119730339,414441.0,0.3125214169267565,cmt,0.279204650700375,0.0143381230141943,0.0185073119211722,414441.0,1.892930256985892e-14,5.1861698963096003e-11,0.279204650700341,5.290212712338871e-14
Fouirnaies_Hall_2022_APSR,completed,source point specification,-0.2422280171009983,0.0370705908609206,11100.0,0.0571943752001971,termlimited,-0.242228017102409,0.0281605610575841,0.0370705885933213,11100.0,1.4106771306643395e-12,2.2675992958354207e-09,-0.242228017102411,1.4126755321086648e-12
Fresh_2018_JOP,completed,source point specification,0.1750453813046689,0.0653252728231079,1695.0,0.0005267080850899,post_x_covered,0.175045381304668,0.0633677373672429,0.0653252728233121,1695.0,8.881784197001252e-16,2.0419776980418192e-13,0.17504538130467,1.1102230246251565e-15
Garfias_2019_JOP,completed,source point specification,0.0690175292910361,0.0293926074812086,445.0,0.0003317091614007,tribunalm,0.0690175292910363,0.0288204338983725,0.0293926075129424,445.0,1.942890293094024e-16,3.173380308529872e-11,0.0690175292910361,0.0
Grumbach_2023_APSR,completed,source point specification,-0.4439431002941997,0.1595421030825299,748.0,0.0003780829720199,Republican,-0.443943100294199,0.154771948825952,0.15954210308253,748.0,7.216449660063518e-16,1.1102230246251565e-16,-0.4439431002942,2.7755575615628914e-16
Grumbach_Hill_2022_JOP,completed,source point specification,0.0306758014567148,0.016100578353001,920.0,0.0004136250354349,temp_var,0.0306758014567148,0.0156924432299856,0.0161005783530011,920.0,0.0,1.0061396160665481e-16,0.0306758014567149,1.0061396160665481e-16
Grumbach_Sahn_2020_APSR,completed,source point specification,0.1280982975835418,0.0259514036320329,6847.0,0.0032124170102179,cand_A_all,0.128098297583548,0.0250066938339636,0.0259514036304442,6847.0,6.189493362285248e-15,1.5886979232160314e-12,0.128098297583548,6.189493362285248e-15
Hainmueller_Hangartner_2019_AJPS,completed,source point specification,1.6085788884068268,0.2006480445485,17594.0,0.0021308748982846,indirect,1.60857888840667,0.195296156913256,0.200648044548478,17594.0,1.567634910770721e-13,2.19824158875781e-14,1.60857888840681,1.687538997430238e-14
Hall_Yoder_2022_JOP,resource-limited: published n > 80 million; not loaded,not run,,,,,,,,,,,,0.0461990747441059,
Hankinson_Magazinnik_2023_JOP,completed,source point specification,-1.1011273739186611,0.3468619845421528,397.0,0.0004430839326232,treatment_use,-1.10112737391866,0.328531153323218,0.346861984710871,397.0,1.1102230246251565e-15,1.687182060727821e-10,-1.10112737391866,1.1102230246251565e-15
Hirano_etal_2022_JOP,completed,source point specification,0.4157595094530551,0.0896759801133978,769.0,0.0003650831058621,prim_sw,0.415759509453055,0.087720955185764,0.0896759797646896,769.0,1.1102230246251565e-16,3.487081873254638e-10,0.415759509453056,8.881784197001252e-16
Jiang_2018_AJPS,completed,source point specification,-0.755434686506993,0.2117464914146091,3879.0,0.0033444159198552,nd,-0.755434686506987,0.201841128902891,0.211746511509303,3879.0,5.995204332975845e-15,2.0094693881089754e-08,-0.755434686506987,5.995204332975845e-15
Kilborn_Vishwanath_2022_AJPS,completed,source point specification,0.068873131000472,0.0270420275860533,1014.0,0.001373958075419,CleanYear,0.0688731310039695,0.0181031007628159,0.0270420126559173,1014.0,3.4974939611132072e-12,1.4930135999041694e-08,0.0688731310039696,3.4976049834156697e-12
Kogan_2021_JOP,completed,baseline only: source also requires unit-specific slopes,0.8069549296326604,0.290107422630821,23606.0,0.0492292500566691,rollout,0.806954929632204,0.270658732156783,0.290107415303933,23606.0,4.563016631209393e-13,7.32688798521508e-09,0.90158740150897,0.09463247187630963
Kroeger_Silfa_2023_JOP,completed,source point specification,0.028350286260469,0.010966607608285,17010.0,0.0027071670629084,treated,0.0283502862604691,0.0100110383986846,0.0109666076082841,17010.0,1.0061396160665481e-16,9.003214840319629e-16,0.0283502862604689,1.0061396160665481e-16
Kuipers_Sahn_2023_APSR,completed,source point specification,0.0555690599984891,0.0157552596484251,1474.0,0.0007308749482035,treat_use2,0.0555690599984901,0.0143046440666806,0.0157552596619926,1474.0,9.992007221626409e-16,1.3567501289113437e-11,0.0555690599984901,9.992007221626409e-16
Latura_Weeks_2023_AJPS,completed,source point specification,0.0328103103748932,0.0103345098554202,761.0,0.0005374171305447,quota,0.0328103103748933,0.0097002246539801,0.0103345098644039,761.0,9.71445146547012e-17,8.98369920121489e-12,0.0328103103748933,9.71445146547012e-17
Liao_2023_JOP,completed,source point specification,-0.0445576807517578,0.0080499290837137,981095.0,1.6429680830333382,treatment,-0.0445576804804917,0.006277472656023,0.0080498881957537,981095.0,2.71266099860501e-10,4.088796000042971e-08,-0.0445576804804955,2.7126229734664165e-10
Magaloni_etal_2020_APSR,completed,baseline only: source also requires unit-specific slopes,-0.269170541984586,0.2860205193887384,36956.0,0.0070474168751388,upp_post,-0.269170541984493,0.284911297584923,0.286020519380072,36956.0,9.303668946358812e-14,8.666400930223972e-12,-1.09448511373734,0.8253145717527539
Marsh_2023_APSR,completed,source point specification,-0.01264048143759,0.0035211724320707,23952.0,0.0114666670560836,tr_ar,-0.0126404814376093,0.0033019512475396,0.0035211724357037,23952.0,1.9300533393717956e-14,3.6330001507156595e-12,-0.0126404814376107,2.070045523883124e-14
Paglayan_2022_APSR,completed,source point specification,6.285774223832326,1.800202535197754,2882.0,0.0013249581679701,treatment,6.28577422383232,1.78714407690096,1.80020253983789,2882.0,6.217248937900877e-15,4.640136053168931e-09,6.28577422383233,4.440892098500626e-15
Payson_2020_APSR,completed,source point specification,0.0396831294161756,0.0197652547666485,6159.0,0.0010851251427084,mismatch,0.0396831294161753,0.0185718602358904,0.019765254766649,6159.0,2.983724378680108e-16,4.996003610813204e-16,,
Payson_2020_JOP,completed,source point specification,8.695217610854119,3.8815228802322506,5209.0,0.001530332956463,lobby,8.69521761085413,3.72670231459876,3.88152288154926,5209.0,1.0658141036401503e-14,1.3170096124781594e-09,,
Pierskalla_Sacks_2018_JOP,completed,source point specification,-0.136400308690456,0.0374163741601834,2524.0,0.0036927498877048,election_year,-0.136400308689479,0.0338488965874947,0.037416374665344,2524.0,9.769962616701378e-13,5.051606008499299e-10,-0.136400308689479,9.769962616701378e-13
Ravanilla_2022_JOP,completed,source point specification,0.361467769530308,0.2518496209041529,378.0,0.0003795409575104,interaction,0.361467769530306,0.177846970172064,0.251849620904151,378.0,1.9984014443252818e-15,1.942890293094024e-15,0.361467769530308,0.0
Sanford_2023_AJPS,resource-limited: published n > 80 million; not loaded,not run,,,,,,,,,,,,-0.740614008279848,
Schafer_2022_AJPS,completed,source point specification,-0.0303918935599605,0.0025931930936904,1125539.0,6.155964291188866,treatment_alt,-0.0303713040855324,0.0021419443043472,0.0025931676828668,1125539.0,2.0589474428102383e-05,2.5410823600250515e-08,-0.0303713040855298,2.0589474430701e-05
Schubiger_2021_JOP,completed,source point specification,0.0472817579063227,0.0141556228381996,23916.0,0.0050484591629356,treatment,0.0472817579062804,0.0100093276079203,0.0141556228381937,23916.0,4.2299497238218464e-14,5.899794541797121e-15,0.0472817579063182,4.496403249731884e-15
Schuit_Rogowski_2017_AJPS,completed,source point specification,-0.1609805741167873,0.0449982661634606,879.0,0.0007139160297811,treatment,-0.160980574116782,0.038366360060214,0.044998266266062,879.0,5.3013149425851225e-15,1.0260139959861192e-10,-0.160980574116783,4.3021142204224816e-15
Skorge_2023_AJPS,completed,source point specification,-0.0918344753620108,0.007368187263862,3983.0,0.0014527081511914,neg_treatment,-0.0918344753620112,0.0068206132050384,0.007368187263862,3983.0,4.0245584642661925e-16,0.0,-0.0918344753620112,4.0245584642661925e-16
Trounstine_2020_APSR,completed,source point specification,-0.0506066897567549,0.0085310182706194,182766.0,0.0409406668040901,fairhousingimp_v1,-0.0506066897567558,0.0084237541215393,0.0085310183348624,182766.0,9.020562075079397e-16,6.424299980878345e-11,-0.0506066897567524,2.4980018054066022e-15
Weschle_2021_JOP,completed,source point specification,1.8259193506541107,0.9072891224107328,4639.0,0.0056968748103827,minister.post,1.82591935065405,0.821463682768256,0.907289122349959,4639.0,6.061817714453355e-14,6.0773830412586e-11,1.82591935065405,6.061817714453355e-14
Zhang_etal_2021_JOP,completed,source point specification,0.1098309521516743,0.0770356152042288,166.0,0.0003156249877065,mfc1978,0.109830952151674,0.0610153777062792,0.0770356152029262,166.0,2.914335439641036e-16,1.3025969192170805e-12,0.109830952151674,2.914335439641036e-16
