"method","Time","Estimate","lower_bound","upper_bound","p_val"
"scm",1970,5.57595490655925,NA,NA,NA
"scm",1971,1.17701100198798,NA,NA,NA
"scm",1972,-1.14641254716649,NA,NA,NA
"scm",1973,0.032772822506729,NA,NA,NA
"scm",1974,0.226307704839954,NA,NA,NA
"scm",1975,0.326210359783829,NA,NA,NA
"scm",1976,-0.469159608540764,NA,NA,NA
"scm",1977,-0.284580205379413,NA,NA,NA
"scm",1978,-0.0448973297462629,NA,NA,NA
"scm",1979,-1.03175328060128,NA,NA,NA
"scm",1980,-0.0336454629268701,NA,NA,NA
"scm",1981,-1.09727332439013,NA,NA,NA
"scm",1982,-1.1408292707134,NA,NA,NA
"scm",1983,-0.246867215192026,NA,NA,NA
"scm",1984,1.34867520591793,NA,NA,NA
"scm",1985,-0.38510196417748,NA,NA,NA
"scm",1986,0.0729323169979779,NA,NA,NA
"scm",1987,-2.96495858178042,NA,NA,NA
"scm",1988,-1.86580702524336,NA,NA,NA
"scm",1989,-8.44047619950339,-49.6516096451419,32.7706572461351,0.097
"scm",1990,-9.20694897534014,-47.053908262151,28.6400103114707,0.093
"scm",1991,-12.6343004270566,-53.8454338726951,28.5768330185819,0.076
"scm",1992,-13.7286932907273,-53.257739656952,27.4824401549113,0.055
"scm",1993,-17.5336041953087,-58.7447376409473,16.9491809326745,0.04
"scm",1994,-22.0490988706003,-59.8960581574112,17.4799474956244,0.038
"scm",1995,-22.8575713248524,-64.0687047704909,18.3535621207861,0.055
"scm",1996,-23.9973728651169,-65.2085063107555,13.8495864216939,0.043
"scm",1997,-26.2607718723345,-67.471905317973,13.2682744938902,0.054
"scm",1998,-23.3377915079164,-62.8668378741411,17.8733419377221,0.058
"scm",1999,-27.5202811357811,-68.7314145814196,13.6908523098574,0.05
"scm",2000,-26.5966428518747,-57.7152538210303,11.2503164349362,0.038
"ridge",1970,1.54821260397435,NA,NA,NA
"ridge",1971,-0.506669476378647,NA,NA,NA
"ridge",1972,-1.26331646174184,NA,NA,NA
"ridge",1973,0.0970671633547653,NA,NA,NA
"ridge",1974,0.318426336261766,NA,NA,NA
"ridge",1975,0.358234922028203,NA,NA,NA
"ridge",1976,-0.0112808853135391,NA,NA,NA
"ridge",1977,-0.0662100600265916,NA,NA,NA
"ridge",1978,0.44312573785983,NA,NA,NA
"ridge",1979,-0.416178482979817,NA,NA,NA
"ridge",1980,0.500831933997119,NA,NA,NA
"ridge",1981,-0.947997108545508,NA,NA,NA
"ridge",1982,-0.694192133430278,NA,NA,NA
"ridge",1983,-0.00269423199286223,NA,NA,NA
"ridge",1984,1.17389074269248,NA,NA,NA
"ridge",1985,0.226914883334189,NA,NA,NA
"ridge",1986,0.941694810697385,NA,NA,NA
"ridge",1987,-1.09538171967091,NA,NA,NA
"ridge",1988,-0.465279107061619,NA,NA,NA
"ridge",1989,-6.67865019055766,-40.801273719048,26.0512131939126,0.041
"ridge",1990,-6.57900350659261,-40.7016270350829,24.7580997338576,0.584
"ridge",1991,-9.4031066459326,-42.1329700304029,24.7195168825577,0.155
"ridge",1992,-10.219574443775,-42.9494378282453,23.9030490847153,0.281
"ridge",1993,-14.1285468461781,-42.6801297985883,19.9940766823122,0.047
"ridge",1994,-17.6508586644969,-51.7734821929872,16.4717648639934,0.04
"ridge",1995,-18.7812098513211,-52.9038333798114,13.9486535331492,0.087
"ridge",1996,-20.2722104112333,-54.3948339397236,9.67213268519691,0.094
"ridge",1997,-21.8396665115003,-55.9622900399906,12.28295701699,0.357
"ridge",1998,-18.9245444688065,-53.0471679972968,15.1980790596838,0.212
"ridge",1999,-23.5947065235455,-57.7173300520358,4.95687642886478,0.114
"ridge",2000,-23.3587229713872,-54.6958262118374,10.7639005571031,0.051
"ridge_covariates",1970,0.0801138349727211,NA,NA,NA
"ridge_covariates",1971,-0.252953601341787,NA,NA,NA
"ridge_covariates",1972,-1.26478252253577,NA,NA,NA
"ridge_covariates",1973,-2.36848413191295,NA,NA,NA
"ridge_covariates",1974,0.58897731666454,NA,NA,NA
"ridge_covariates",1975,2.31006130479041,NA,NA,NA
"ridge_covariates",1976,1.91787693685221,NA,NA,NA
"ridge_covariates",1977,1.76073639564123,NA,NA,NA
"ridge_covariates",1978,4.40170605512259,NA,NA,NA
"ridge_covariates",1979,-0.970892989732846,NA,NA,NA
"ridge_covariates",1980,0.126538711949493,NA,NA,NA
"ridge_covariates",1981,-2.78118243517736,NA,NA,NA
"ridge_covariates",1982,-1.49044762720241,NA,NA,NA
"ridge_covariates",1983,-1.73848283200013,NA,NA,NA
"ridge_covariates",1984,-2.13993022683992,NA,NA,NA
"ridge_covariates",1985,-0.651765817608009,NA,NA,NA
"ridge_covariates",1986,-0.949863492900249,NA,NA,NA
"ridge_covariates",1987,0.0252322225064603,NA,NA,NA
"ridge_covariates",1988,0.0656665046873286,NA,NA,NA
"ridge_covariates",1989,-3.53659442054773,-30.717525541848,23.6443367007525,0.292
"ridge_covariates",1990,-4.06170155336649,-31.2426326746667,17.5721007676684,0.303
"ridge_covariates",1991,-10.9005329965751,-38.0814641178753,14.061546604619,0.051
"ridge_covariates",1992,-9.05630972417372,-36.237240845474,18.1246213971265,0.049
"ridge_covariates",1993,-12.1225821391336,-39.3035132604338,15.0583489821666,0.056
"ridge_covariates",1994,-15.3824549798172,-42.5633861011174,9.57962462137689,0.049
"ridge_covariates",1995,-15.5726895003667,-42.753620621667,11.6082416209335,0.068
"ridge_covariates",1996,-15.4104934853847,-42.5914246066849,11.7704376359156,0.048
"ridge_covariates",1997,-14.5749818245429,-40.6464871857901,12.6059492967573,0.059
"ridge_covariates",1998,-14.4075753841937,-39.3696549853878,11.6639299770534,0.049
"ridge_covariates",1999,-18.5696933455122,-45.7506244668125,5.28296049562881,0.041
"ridge_covariates",2000,-18.9249846388722,-44.9964900001194,7.14652072237497,0.055
