"treated","untreated","estimate","weight","type"
1971,1964,-8.51390750311868,0.0667924923980287,"Later vs Always Treated"
1973,1964,-5.72365589825884,0.124567474048443,"Later vs Always Treated"
1970,1964,-27.1108709229609,0.0169864737338786,"Later vs Always Treated"
1977,1964,-11.8182172371186,0.0408933626926707,"Later vs Always Treated"
1984,1964,-1.59688444490205,0.0136311208975569,"Later vs Always Treated"
1969,1964,-1.43977014366625,0.0146796686589074,"Later vs Always Treated"
1972,1964,-8.4144832605183,0.0314564328405159,"Later vs Always Treated"
1975,1964,-5.18911863103049,0.0253748558246828,"Later vs Always Treated"
1974,1964,-6.04666183526326,0.0361748977665933,"Later vs Always Treated"
1980,1964,-6.42465558895279,0.0142602495543672,"Later vs Always Treated"
1976,1964,-0.668825301333602,0.0132117017930167,"Later vs Always Treated"
1985,1964,10.3885153216963,0.0132117017930167,"Later vs Always Treated"
1973,1971,-6.13840677980189,0.0215301806997309,"Later vs Earlier Treated"
1970,1971,4.48859258367075,0.000489322288630247,"Earlier vs Later Treated"
1977,1971,-9.99659084935427,0.0146796686589074,"Later vs Earlier Treated"
1984,1971,2.44248948857298,0.00689128889820931,"Later vs Earlier Treated"
1969,1971,-0.58594533974046,0.000815537147717079,"Earlier vs Later Treated"
1972,1971,-6.17706946373133,0.00305826430393904,"Later vs Earlier Treated"
1975,1971,2.46363546253851,0.00717672689991029,"Later vs Earlier Treated"
1974,1971,-6.58753339853175,0.00844080947887177,"Later vs Earlier Treated"
1980,1971,-2.70064864462402,0.00623885918003565,"Later vs Earlier Treated"
1976,1971,1.1984359256296,0.00428157002551466,"Later vs Earlier Treated"
1985,1971,11.707042212143,0.00685051204082346,"Later vs Earlier Treated"
1971,99999,-4.85037311622858,0.0371069402211271,"Treated vs Untreated"
1973,99999,-3.61402051640474,0.069204152249135,"Treated vs Untreated"
1970,99999,-22.5679684903031,0.00943692985215476,"Treated vs Untreated"
1977,99999,-12.2632792982376,0.0227185348292615,"Treated vs Untreated"
1984,99999,-3.00103004169962,0.00757284494308716,"Treated vs Untreated"
1969,99999,3.81178880551097,0.00815537147717079,"Treated vs Untreated"
1972,99999,-6.03115592033038,0.0174757960225088,"Treated vs Untreated"
1975,99999,-4.44508729163896,0.0140971421248238,"Treated vs Untreated"
1974,99999,-5.19395762819549,0.0200971654258852,"Treated vs Untreated"
1980,99999,-7.87737656082754,0.00792236086353734,"Treated vs Untreated"
1976,99999,-0.743037703830939,0.00733983432945371,"Treated vs Untreated"
1985,99999,8.7335513680522,0.00733983432945371,"Treated vs Untreated"
1971,1973,-8.83605031160591,0.0062796360374215,"Earlier vs Later Treated"
1970,1973,3.61441495690751,0.00230680507497117,"Earlier vs Later Treated"
1977,1973,-1.7034289433499,0.0153787004998078,"Later vs Earlier Treated"
1984,1973,9.99393247757839,0.00916314238113547,"Later vs Earlier Treated"
1969,1973,-1.16348872490396,0.00256311674996796,"Earlier vs Later Treated"
1972,1973,-5.50139551099479,0.00153787004998078,"Earlier vs Later Treated"
1975,1973,8.37076750632292,0.00563885684992952,"Later vs Earlier Treated"
1974,1973,5.2915650117498,0.00442137639369473,"Later vs Earlier Treated"
1980,1973,3.5200083118567,0.00762527233115469,"Later vs Earlier Treated"
1976,1973,7.69776275986929,0.00403690888119954,"Later vs Earlier Treated"
1985,1973,22.3970415583715,0.00922722029988466,"Later vs Earlier Treated"
1971,1970,25.0758616158026,0.00212039658406441,"Later vs Earlier Treated"
1973,1970,29.5599336781872,0.00922722029988466,"Later vs Earlier Treated"
1977,1970,15.2695145992593,0.00489322288630247,"Later vs Earlier Treated"
1984,1970,21.7212318802721,0.0021203965840644,"Later vs Earlier Treated"
1969,1970,-0.891786839929407,0.000116505306816726,"Earlier vs Later Treated"
1972,1970,26.9894804659999,0.00174757960225088,"Later vs Earlier Treated"
1975,1970,30.841992454291,0.00256311674996796,"Later vs Earlier Treated"
1974,1970,25.6982494397233,0.00321554646814162,"Later vs Earlier Treated"
1980,1970,19.4964057942236,0.00198059021588433,"Later vs Earlier Treated"
1976,1970,29.095189001098,0.00146796686589074,"Later vs Earlier Treated"
1985,1970,30.4103183225378,0.00209709552270106,"Later vs Earlier Treated"
1971,1977,-7.42849477199782,0.0051378840306176,"Earlier vs Later Treated"
1973,1977,4.76026797198941,0.0069204152249135,"Earlier vs Later Treated"
1970,1977,-9.088656894626,0.00146796686589074,"Earlier vs Later Treated"
1984,1977,9.14596781153149,0.0015902974380483,"Later vs Earlier Treated"
1969,1977,-5.09177089043079,0.00139806368180071,"Earlier vs Later Treated"
1972,1977,-6.94475171864419,0.00209709552270106,"Earlier vs Later Treated"
1975,1977,-1.33108647842716,0.000768935024990388,"Earlier vs Later Treated"
1974,1977,2.26757228018771,0.00157282164202579,"Earlier vs Later Treated"
1980,1977,1.21408665305055,0.00089126559714795,"Later vs Earlier Treated"
1976,1977,16.694397749638,0.000209709552270106,"Earlier vs Later Treated"
1985,1977,23.7336935747913,0.00167767641816085,"Later vs Earlier Treated"
1971,1984,4.75545830069425,0.00371069402211271,"Earlier vs Later Treated"
1973,1984,10.2142857923933,0.00634371395617071,"Earlier vs Later Treated"
1970,1984,-5.58828465034907,0.000978644577260494,"Earlier vs Later Treated"
1977,1984,-1.14875005597783,0.0015902974380483,"Earlier vs Later Treated"
1969,1984,9.2763719294453,0.000873789801125441,"Earlier vs Later Treated"
1972,1984,3.81793446043349,0.00167767641816085,"Earlier vs Later Treated"
1975,1984,0.0341880528287034,0.00115340253748558,"Earlier vs Later Treated"
1974,1984,6.573293164062,0.00174757960225088,"Earlier vs Later Treated"
1980,1984,-1.62699848260673,0.000372816981813522,"Earlier vs Later Treated"
1976,1984,17.8980770518441,0.000559225472720282,"Earlier vs Later Treated"
1985,1984,22.1796652416135,6.99031840900353e-05,"Later vs Earlier Treated"
1971,1969,-6.65948266112434,0.00424079316812881,"Later vs Earlier Treated"
1973,1969,-4.53201605385845,0.0123029603998462,"Later vs Earlier Treated"
1970,1969,-25.2608424489153,0.000629128656810317,"Later vs Earlier Treated"
1977,1969,-12.8129930089927,0.00559225472720282,"Later vs Earlier Treated"
1984,1969,0.228902354137949,0.00227185348292615,"Later vs Earlier Treated"
1972,1969,-7.13969282514891,0.00262136940337632,"Later vs Earlier Treated"
1975,1969,0.299370350892947,0.00307574009996155,"Later vs Earlier Treated"
1974,1969,-4.2453063318702,0.00401943308517703,"Later vs Earlier Treated"
1980,1969,-7.13230610683805,0.00217864923747277,"Later vs Earlier Treated"
1976,1969,3.05848490305442,0.00171262801020587,"Later vs Earlier Treated"
1985,1969,8.47284218252752,0.00223690189088113,"Later vs Earlier Treated"
1971,1972,-5.79217587791483,0.000856314005102933,"Earlier vs Later Treated"
1973,1972,-2.3572714657016,0.00461361014994233,"Later vs Earlier Treated"
1970,1972,6.04878348692888,0.000419419104540212,"Earlier vs Later Treated"
1977,1972,-10.7713715503148,0.00524273880675265,"Later vs Earlier Treated"
1984,1972,3.68225176153387,0.00272622417951138,"Later vs Earlier Treated"
1969,1972,0.599873722724902,0.000524273880675265,"Earlier vs Later Treated"
1975,1972,4.60336306989326,0.00230680507497117,"Later vs Earlier Treated"
1974,1972,-4.8266636809601,0.00241165985110622,"Later vs Earlier Treated"
1980,1972,-4.44356435889185,0.0023767082590612,"Later vs Earlier Treated"
1976,1972,0.0811731239543632,0.00146796686589074,"Later vs Earlier Treated"
1985,1972,14.4610746565765,0.00272622417951138,"Later vs Earlier Treated"
1971,1975,2.04755485114856,0.00228350401360782,"Earlier vs Later Treated"
1973,1975,8.19386713548646,0.00230680507497117,"Earlier vs Later Treated"
1970,1975,7.09980237540247,0.000699031840900353,"Earlier vs Later Treated"
1977,1975,-9.24473103320148,0.00139806368180071,"Later vs Earlier Treated"
1984,1975,-4.07454832835109,0.00136311208975569,"Later vs Earlier Treated"
1969,1975,6.96939732733882,0.000699031840900353,"Earlier vs Later Treated"
1972,1975,3.68098037344883,0.000838838209080424,"Earlier vs Later Treated"
1974,1975,0.546174184516223,0.000349515920450176,"Earlier vs Later Treated"
1980,1975,-8.34966301815314,0.000990295107942167,"Later vs Earlier Treated"
1976,1975,-13.1654239036532,0.000244661144315123,"Later vs Earlier Treated"
1985,1975,11.3164724098169,0.00139806368180071,"Later vs Earlier Treated"
1971,1974,-7.82586920486992,0.0025689420153088,"Earlier vs Later Treated"
1973,1974,6.10344509230776,0.00173010380622837,"Earlier vs Later Treated"
1970,1974,-0.103987278837124,0.000838838209080424,"Earlier vs Later Treated"
1977,1974,-4.53784500172746,0.00314564328405159,"Later vs Earlier Treated"
1984,1974,6.68993654051933,0.00227185348292615,"Later vs Earlier Treated"
1969,1974,0.053162996967634,0.000873789801125441,"Earlier vs Later Treated"
1972,1974,-7.09096457285347,0.000838838209080424,"Earlier vs Later Treated"
1975,1974,1.56874094417682,0.000768935024990388,"Later vs Earlier Treated"
1980,1974,-1.33356539080958,0.0017825311942959,"Later vs Earlier Treated"
1976,1974,-8.58156024136528,0.000733983432945371,"Later vs Earlier Treated"
1985,1974,18.7916290280665,0.00230680507497116,"Later vs Earlier Treated"
1971,1980,-1.13443087160741,0.0025689420153088,"Earlier vs Later Treated"
1973,1980,5.96530773499857,0.00403690888119954,"Earlier vs Later Treated"
1970,1980,-7.49140381230963,0.000699031840900353,"Earlier vs Later Treated"
1977,1980,-3.59644810743751,0.000681556044877844,"Earlier vs Later Treated"
1984,1980,2.68590268275987,0.000302913797723486,"Later vs Earlier Treated"
1969,1980,1.84827721651261,0.00064077918749199,"Earlier vs Later Treated"
1972,1980,-3.16192328379357,0.00111845094544056,"Earlier vs Later Treated"
1975,1980,-3.57760757403663,0.00064077918749199,"Earlier vs Later Treated"
1974,1980,0.853963542289795,0.00104854776135053,"Earlier vs Later Treated"
1976,1980,24.755064562972,0.000279612736360141,"Earlier vs Later Treated"
1985,1980,14.8870680580634,0.000349515920450177,"Later vs Earlier Treated"
1971,1976,-6.70601481144737,0.00142719000850489,"Earlier vs Later Treated"
1973,1976,2.24104025454071,0.00173010380622837,"Earlier vs Later Treated"
1970,1976,-3.81770799625278,0.000419419104540212,"Earlier vs Later Treated"
1977,1976,6.38115028171649,0.000349515920450177,"Later vs Earlier Treated"
1984,1976,21.3851211321106,0.000605827595446973,"Later vs Earlier Treated"
1969,1976,4.01256667308705,0.000407768573858539,"Earlier vs Later Treated"
1972,1976,-7.60344816323291,0.000559225472720283,"Earlier vs Later Treated"
1975,1976,-17.9388055337106,0.000128155837498398,"Earlier vs Later Treated"
1974,1976,-16.6346230495644,0.000349515920450177,"Earlier vs Later Treated"
1980,1976,22.6913196135735,0.000396118043176867,"Later vs Earlier Treated"
1985,1976,32.2631427075572,0.000629128656810318,"Later vs Earlier Treated"
1971,1985,-2.66679081524134,0.00399613202381368,"Earlier vs Later Treated"
1973,1985,12.7795867247372,0.0069204152249135,"Earlier vs Later Treated"
1970,1985,-16.4078523084753,0.00104854776135053,"Earlier vs Later Treated"
1977,1985,1.27123592345665,0.00181748278634092,"Earlier vs Later Treated"
1984,1985,10.2109608633327,0.000116505306816725,"Earlier vs Later Treated"
1969,1985,-2.49331042141422,0.000932042454533804,"Earlier vs Later Treated"
1972,1985,1.82388219353669,0.00181748278634092,"Earlier vs Later Treated"
1975,1985,4.10775836909043,0.00128155837498398,"Earlier vs Later Treated"
1974,1985,7.65589258772896,0.00192233756247597,"Earlier vs Later Treated"
1980,1985,-1.56231831169866,0.000466021227266902,"Earlier vs Later Treated"
1976,1985,18.2877258541541,0.000629128656810318,"Earlier vs Later Treated"
