post,nj,wage_bin,n,pct
0,0,4.25,26,34.21052631578947
0,0,4.35,1,1.3157894736842106
0,0,4.45,13,17.105263157894736
0,0,4.55,0,0.0
0,0,4.65,1,1.3157894736842106
0,0,4.75,10,13.157894736842104
0,0,4.85,1,1.3157894736842106
0,0,4.95,0,0.0
0,0,5.05,20,26.31578947368421
0,0,5.15,0,0.0
0,0,5.25,2,2.6315789473684212
0,0,5.35,0,0.0
0,0,5.45,2,2.6315789473684212
0,0,5.55,0,0.0
0,1,4.25,101,32.1656050955414
0,1,4.35,12,3.821656050955414
0,1,4.45,53,16.878980891719745
0,1,4.55,4,1.2738853503184713
0,1,4.65,18,5.732484076433121
0,1,4.75,38,12.101910828025478
0,1,4.85,13,4.140127388535032
0,1,4.95,2,0.6369426751592356
0,1,5.05,51,16.24203821656051
0,1,5.15,4,1.2738853503184713
0,1,5.25,6,1.910828025477707
0,1,5.35,2,0.6369426751592356
0,1,5.45,7,2.229299363057325
0,1,5.55,3,0.9554140127388535
1,0,4.25,20,28.169014084507044
1,0,4.35,5,7.042253521126761
1,0,4.45,13,18.309859154929576
1,0,4.55,0,0.0
1,0,4.65,0,0.0
1,0,4.75,14,19.718309859154928
1,0,4.85,0,0.0
1,0,4.95,3,4.225352112676056
1,0,5.05,14,19.718309859154928
1,0,5.15,0,0.0
1,0,5.25,1,1.408450704225352
1,0,5.35,0,0.0
1,0,5.45,0,0.0
1,0,5.55,1,1.408450704225352
1,1,4.25,0,0.0
1,1,4.35,0,0.0
1,1,4.45,0,0.0
1,1,4.55,0,0.0
1,1,4.65,0,0.0
1,1,4.75,0,0.0
1,1,4.85,0,0.0
1,1,4.95,0,0.0
1,1,5.05,285,89.62264150943396
1,1,5.15,5,1.5723270440251573
1,1,5.25,15,4.716981132075472
1,1,5.35,1,0.31446540880503143
1,1,5.45,9,2.830188679245283
1,1,5.55,3,0.9433962264150944
