model,term_cm,estimate_cm,se_cm,n,clusters,residual_df,elapsed_seconds,event,term_r,estimate_r,se_r
divorce_event,event_m9,-3.1124652360820746,3.368008371995742,1386,42.0,1287.0,0.0025444168131798,-9,rel_b::-9,-3.11246523608679,3.31560967549525
divorce_event,event_m8,-2.9818863449907793,3.654095830353031,1386,42.0,1287.0,0.0025858748704195,-8,rel_b::-8,-2.98188634499674,3.59724625123942
divorce_event,event_m7,-3.6431942817420944,3.827532117899959,1386,42.0,1287.0,0.0026202918961644,-7,rel_b::-7,-3.64319428174789,3.76798425707538
divorce_event,event_m6,-1.7372688297869152,3.164016469097953,1386,42.0,1287.0,0.0026511668693274,-6,rel_b::-6,-1.73726882979196,3.11479143151601
divorce_event,event_m5,-3.912960820629825,2.753049976435565,1386,42.0,1287.0,0.0026806248351931,-5,rel_b::-5,-3.91296082063584,2.71021866064499
divorce_event,event_m4,-1.6447757726558525,2.5084646737702534,1386,42.0,1287.0,0.0027098748832941,-4,rel_b::-4,-1.64477577265888,2.46943855963792
divorce_event,event_m3,-3.2543406020861525,2.822982010499527,1386,42.0,1287.0,0.0027384168934077,-3,rel_b::-3,-3.25434060208976,2.77906270827197
divorce_event,event_m2,-1.5243336751849954,2.11970388621302,1386,42.0,1287.0,0.0027662499342113,-2,rel_b::-2,-1.52433367519169,2.08672602263904
divorce_event,event_p0,-0.0036364968141722,2.474704783261098,1386,42.0,1287.0,0.0027934578247368,0,rel_b::0,-0.0036364968204788,2.43620389770905
divorce_event,event_p1,-1.56255210629187,3.1202695038868655,1386,42.0,1287.0,0.0028213749174028,1,rel_b::1,-1.56255210629471,3.07172507148704
divorce_event,event_p2,-1.7260410953894572,4.02298444486903,1386,42.0,1287.0,0.0028510829433798,2,rel_b::2,-1.72604109539241,3.96039578187488
divorce_event,event_p3,-0.9629943972861856,3.1913534797640493,1386,42.0,1287.0,0.0028812079690396,3,rel_b::3,-0.962994397289586,3.1417031392828
divorce_event,event_p4,-1.7177540678004295,3.41606402611228,1386,42.0,1287.0,0.0029108328744769,4,rel_b::4,-1.71775406780173,3.36291769084141
divorce_event,event_p5,-2.005149882377244,3.2837442457406927,1386,42.0,1287.0,0.0029414168093353,5,rel_b::5,-2.0051498823788,3.23265651105772
divorce_event,event_p6,-2.084221517225018,3.984984137832427,1386,42.0,1287.0,0.0029721248429268,6,rel_b::6,-2.08422151722832,3.92298667484051
divorce_event,event_p7,-3.608049359016612,3.9974462854571833,1386,42.0,1287.0,0.0030167079530656,7,rel_b::7,-3.60804935902122,3.93525493924981
divorce_event,event_p8,-5.821409553402227,3.7029681206276095,1386,42.0,1287.0,0.0030479168053716,8,rel_b::8,-5.82140955340782,3.64535819770729
divorce_event,event_p9,-4.545058202201896,3.526053837794984,1386,42.0,1287.0,0.0030774169135838,9,rel_b::9,-4.54505820220659,3.4711963064333
divorce_event,event_p10,-8.429981924360957,4.074603897425219,1386,42.0,1287.0,0.0031039579771459,10,rel_b::10,-8.42998192436562,4.01121215090872
divorce_event,event_p11,-8.54014339886925,4.028377793053043,1386,42.0,1287.0,0.0031310420017689,11,rel_b::11,-8.54014339887481,3.96570522159367
divorce_event,event_p12,-6.908800026785189,4.493282648007053,1386,42.0,1287.0,0.0031588329002261,12,rel_b::12,-6.9088000267914,4.42337719417168
divorce_event,event_p13,-8.97891558824845,4.313290885267675,1386,42.0,1287.0,0.0031884999480098,13,rel_b::13,-8.97891558825349,4.24618570171255
divorce_event,event_p14,-8.109811316504228,4.410083071530451,1386,42.0,1287.0,0.0032180829439312,14,rel_b::14,-8.10981131651056,4.34147201749276
divorce_event,event_p15,-10.158139808949077,4.788466899017305,1386,42.0,1287.0,0.0032476668711751,15,rel_b::15,-10.158139808954,4.7139690367702
divorce_event,event_p16,-10.73042328847851,4.806494525216952,1386,42.0,1287.0,0.0032772917766124,16,rel_b::16,-10.7304232884856,4.73171619332415
