"term","estimate","se"
"rel_b::-9",-3.11246523608679,3.31560967549525
"rel_b::-8",-2.98188634499674,3.59724625123942
"rel_b::-7",-3.64319428174789,3.76798425707538
"rel_b::-6",-1.73726882979196,3.11479143151601
"rel_b::-5",-3.91296082063584,2.71021866064499
"rel_b::-4",-1.64477577265888,2.46943855963792
"rel_b::-3",-3.25434060208976,2.77906270827197
"rel_b::-2",-1.52433367519169,2.08672602263904
"rel_b::0",-0.00363649682047887,2.43620389770905
"rel_b::1",-1.56255210629471,3.07172507148704
"rel_b::2",-1.72604109539241,3.96039578187488
"rel_b::3",-0.962994397289586,3.1417031392828
"rel_b::4",-1.71775406780173,3.36291769084141
"rel_b::5",-2.0051498823788,3.23265651105772
"rel_b::6",-2.08422151722832,3.92298667484051
"rel_b::7",-3.60804935902122,3.93525493924981
"rel_b::8",-5.82140955340782,3.64535819770729
"rel_b::9",-4.54505820220659,3.4711963064333
"rel_b::10",-8.42998192436562,4.01121215090872
"rel_b::11",-8.54014339887481,3.96570522159367
"rel_b::12",-6.9088000267914,4.42337719417168
"rel_b::13",-8.97891558825349,4.24618570171255
"rel_b::14",-8.10981131651056,4.34147201749276
"rel_b::15",-10.158139808954,4.7139690367702
"rel_b::16",-10.7304232884856,4.73171619332415
