"method","year","Estimate","Std.Error","CI_Lower","CI_Upper"
"did",1954,0.683955852900222,0.311338759168728,0.072938378536632,1.29497332726381
"did",1955,-0.261393499532685,0.283755977869103,-0.818278422553746,0.295491423488377
"did",1956,-0.023421948614264,0.24349793585279,-0.50129850396113,0.454454606732602
"did",1957,0,0,0,0
"did",1958,0.0903661853625013,0.386911636438573,-0.668966740386265,0.849699111111267
"did",1959,-1.20095621530892,1.07059650808159,-3.30205399117555,0.900141560557721
"did",1960,-3.49414011864118,1.77615194539008,-6.97992479465088,-0.00835544263148069
"did",1961,-1.55825461117364,0.755687617609653,-3.04132835615973,-0.0751808661875473
"did",1962,-0.0438759513227906,0.280174406571026,-0.593731866279945,0.505979963634364
"did",1963,-0.792530890571651,0.259780837967329,-1.30236343415429,-0.282698346989016
"did",1964,-1.53531518110897,0.26977725595569,-2.06476618173255,-1.0058641804854
"did",1965,-0.940598641921145,0.225723831118392,-1.38359265128215,-0.497604632560145
"did",1966,-0.733029307417931,0.22688643222488,-1.17830497805899,-0.287753636776867
"ols1",1954,0.770233610590568,0.269137189549182,0.242031882490857,1.29843533869028
"ols1",1955,0.0866168588258664,0.276428358981666,-0.455894330930022,0.629128048581755
"ols1",1956,-0.10130130792858,0.285774477486248,-0.662154949552283,0.459552333695124
"ols1",1957,0,0,0,0
"ols1",1958,-0.756432760836424,0.376137113329689,-1.49462978814421,-0.0182357335286367
"ols1",1959,-3.14289466384136,1.10490847943344,-5.31135963594851,-0.974429691734204
"ols1",1960,-5.49350035943434,1.73214364940342,-8.89296094852782,-2.09403977034085
"ols1",1961,-1.35932408049947,0.775401642415961,-2.88110740662215,0.162459245623215
"ols1",1962,-0.0990364690597097,0.334103693195621,-0.754739786784122,0.556666848664703
"ols1",1963,-0.499510581680653,0.248265876180649,-0.986750806810686,-0.0122703565506204
"ols1",1964,-0.838530061519228,0.262984288059916,-1.35465626336074,-0.322403859677711
"ols1",1965,-0.556561301028973,0.223825625592943,-0.995835718768209,-0.117286883289738
"ols1",1966,-0.511993335460058,0.225236731961931,-0.95403715427642,-0.0699495166436965
"ols2",1954,0.835986097526503,0.281003497371124,0.2852192426791,1.38675295237391
"ols2",1955,0.096173292474106,0.288473293955248,-0.46923436367818,0.661580948626392
"ols2",1956,-0.130387950475049,0.293579965095329,-0.705804682061894,0.445028781111797
"ols2",1957,0,0,0,0
"ols2",1958,-0.755761421099154,0.396261919486975,-1.53243478329362,0.0209119410953166
"ols2",1959,-3.14077058973814,1.15756210986446,-5.40959232507248,-0.871948854403799
"ols2",1960,-5.70130570997385,1.81637024370034,-9.26139138762651,-2.14122003232119
"ols2",1961,-1.52034512222966,0.82809560574117,-3.14341250948235,0.102722265023038
"ols2",1962,-0.0892657279889734,0.359471936424461,-0.793830723380917,0.61529926740297
"ols2",1963,-0.54981806911169,0.259269983857615,-1.05798723747262,-0.0416489007507652
"ols2",1964,-0.921429935389614,0.278256867560849,-1.46681339580888,-0.376046474970349
"ols2",1965,-0.58730052514421,0.231103427504079,-1.0402632430522,-0.134337807236216
"ols2",1966,-0.528766791413078,0.231665352707021,-0.982830882718838,-0.0747027001073175
"ipw",1954,0.732810906820357,0.292414563498744,0.159678362362819,1.3059434512779
"ipw",1955,-0.0305130512060945,0.276878749681751,-0.573195400582326,0.512169298170137
"ipw",1956,-0.101304505463241,0.264488653970792,-0.619702267245994,0.417093256319511
"ipw",1957,0,0,0,0
"ipw",1958,-0.420467409739715,0.41422421760616,-1.23234687624779,0.391412056768359
"ipw",1959,-2.45925961600476,1.12254658521705,-4.65945092303018,-0.259068308979345
"ipw",1960,-4.88210672208569,1.86437570848548,-8.53628311071722,-1.22793033345415
"ipw",1961,-1.52333786468547,0.851763326053558,-3.19279398375045,0.146118254379502
"ipw",1962,0.0114066610179659,0.332175564707656,-0.639657445809041,0.662470767844972
"ipw",1963,-0.504054135221481,0.263008931485993,-1.01955164093403,0.0114433704910647
"ipw",1964,-1.01247022637501,0.274636313116262,-1.55075740008288,-0.474183052667139
"ipw",1965,-0.667738792972766,0.229511875311705,-1.11758206858371,-0.217895517361825
"ipw",1966,-0.555967050144302,0.227025071963458,-1.00093619119268,-0.110997909095926
"aipw",1954,0.672981982759916,0.271513079358105,0.14081634721803,1.2051476183018
"aipw",1955,-0.0286946274933546,0.25205173746166,-0.522716032918207,0.465326777931498
"aipw",1956,-0.101971946348629,0.244707135262133,-0.581597931462409,0.377654038765151
"aipw",1957,0,0,0,0
"aipw",1958,-0.471664380362515,0.30282215497297,-1.06519580410954,0.121867043384507
"aipw",1959,-2.80553032743308,0.834784445608391,-4.44170784082552,-1.16935281404063
"aipw",1960,-4.80598542349407,1.43665928730491,-7.6218376266117,-1.99013322037644
"aipw",1961,-1.26676149458798,0.655443860545277,-2.55143146125673,0.0179084720807623
"aipw",1962,-0.00459173134530818,0.275455195361168,-0.544483914253197,0.535300451562581
"aipw",1963,-0.368116778025448,0.231745721648541,-0.822338392456589,0.086104836405693
"aipw",1964,-0.806680326749329,0.22805294742604,-1.25366410370437,-0.35969654979429
"aipw",1965,-0.558963003631593,0.203218455498485,-0.957271176408623,-0.160654830854562
"aipw",1966,-0.495258281509923,0.20160024285411,-0.890394757503978,-0.100121805515867
