"model","term","reference","reference_se","aligned_se","n","reference_package"
"fatalities_pooled","beertax",0.364605440367739,0.119685575870202,0.119685575870202,336,"fixest"
"fatalities_unit_fe","beertax",-0.655873722150431,0.291855641526061,0.314847593094737,336,"fixest"
"fatalities_twfe","beertax",-0.639979985706868,0.35707834554809,0.385786721792343,336,"fixest"
"swiss_pooled","repdem",2.50331756495006,0.219520214630048,0.219520214630048,4655,"fixest"
"swiss_unit_fe","repdem",3.02279975419403,0.185624432918228,0.190691623725234,4655,"fixest"
"swiss_twfe","repdem",1.20365823350954,0.303149947253274,0.311458829901229,4655,"fixest"
"swiss_common_trend","repdem",0.824792788060566,0.259061486861932,0.266134951324981,4655,"fixest"
"swiss_common_trend","time",0.231369154329842,0.0171751641958364,0.0176441181691109,4655,"fixest"
"swiss_unit_trends","repdem",0.986524097335576,0.322904726526553,0.332270674680671,4655,"fixest"
"swiss_quadratic_trends","repdem",1.2227277923354,0.380527621877826,0.392247766424798,4655,"fixest"
"swiss_distributed_lags","repdem",0.636480237713243,0.359392408951033,0.37119157442603,3920,"fixest"
"swiss_distributed_lags","lag1",1.20106528716431,0.423373051149848,0.437272756774549,3920,"fixest"
"swiss_distributed_lags","lag2",-0.16486921536785,0.469743378048683,0.485165461849946,3920,"fixest"
"swiss_distributed_lags","lag3",-0.524520617406783,0.410991777043182,0.424484994666642,3920,"fixest"
"swiss_leads_lags","lead1",0.170768455896353,0.321290636770316,0.332583653815603,3675,"fixest"
"swiss_leads_lags","repdem",0.69757309335451,0.43970946905277,0.455164779481057,3675,"fixest"
"swiss_leads_lags","lag1",0.872396232655114,0.461932199620684,0.478168614900389,3675,"fixest"
"swiss_leads_lags","lag2",0.0149409974933272,0.458362839209697,0.474473795346342,3675,"fixest"
"swiss_leads_lags","lag3",-0.290425226874321,0.410824373211747,0.425264403882845,3675,"fixest"
"swiss_svp_linear","repdem",0.611442312838259,0.294221847920608,0.302947515126721,23747,"fixest"
"swiss_svp_linear","repdem_svp",0.0271905811977692,0.0113381999349347,0.0116744542275639,23747,"fixest"
"swiss_svp_linear","ue_rate",4.5395384628614,5.60486925120854,5.77109152248263,23747,"fixest"
"swiss_svp_bins","repdem_q1",-0.0135647194946025,0.417142303481563,0.429514483156795,23747,"fixest"
"swiss_svp_bins","repdem_q2",0.728310541687588,0.339174270362263,0.34923396696727,23747,"fixest"
"swiss_svp_bins","repdem_q3",1.66371808076692,0.256272085416267,0.263872955095639,23747,"fixest"
"swiss_svp_bins","repdem_q4",1.6665084168003,0.30780021763206,0.316929379466848,23747,"fixest"
"swiss_svp_bins","ue_rate",4.901107393264,5.59760365782971,5.76362507936236,23747,"fixest"
"ck_pooled","postperiod",-2.1655844155844,1.21802473302406,1.21802473302406,794,"fixest"
"ck_pooled","nj",-2.89176073385712,1.43954619300779,1.43954619300779,794,"fixest"
"ck_pooled","did",2.75360578535726,1.30660701243083,1.30660701243083,794,"fixest"
"ck_fe","postperiod",-2.28333333333334,1.2479815113483,1.79582788843153,794,"fixest"
"ck_fe","did",2.75000000246906,1.33755497162611,1.92472284125532,794,"fixest"
"ck_first_difference","nj",2.75000000246906,1.33772531104098,1.33772531104098,384,"fixest"
"divorce_twfe","post",-3.04889469456269,2.32063617106881,2.35663950242,1683,"fixest"
"divorce_event","event_m9",-3.11246523608244,3.31560967549404,3.36800837199591,1386,"fixest"
"divorce_event","event_m8",-2.98188634499114,3.59724625123822,3.65409583035312,1386,"fixest"
"divorce_event","event_m7",-3.64319428174248,3.76798425707399,3.82753211790016,1386,"fixest"
"divorce_event","event_m6",-1.73726882978733,3.11479143151521,3.16401646909816,1386,"fixest"
"divorce_event","event_m5",-3.91296082063024,2.71021866064419,2.75304997643579,1386,"fixest"
"divorce_event","event_m4",-1.64477577265626,2.46943855963746,2.5084646737705,1386,"fixest"
"divorce_event","event_m3",-3.25434060208659,2.77906270827129,2.82298201049998,1386,"fixest"
"divorce_event","event_m2",-1.52433367518543,2.08672602263949,2.11970388621342,1386,"fixest"
"divorce_event","event_p0",-0.00363649681462346,2.43620389770926,2.4747047832617,1386,"fixest"
"divorce_event","event_p1",-1.56255210629233,3.0717250714871,3.12026950388746,1386,"fixest"
"divorce_event","event_p2",-1.72604109538995,3.96039578187498,4.02298444486977,1386,"fixest"
"divorce_event","event_p3",-0.962994397286697,3.14170313928256,3.19135347976472,1386,"fixest"
"divorce_event","event_p4",-1.71775406780098,3.36291769084158,3.41606402611306,1386,"fixest"
"divorce_event","event_p5",-2.00514988237782,3.23265651105742,3.28374424574152,1386,"fixest"
"divorce_event","event_p6",-2.0842215172256,3.92298667484019,3.98498413783324,1386,"fixest"
"divorce_event","event_p7",-3.60804935901723,3.93525493925004,3.99744628545803,1386,"fixest"
"divorce_event","event_p8",-5.82140955340288,3.64535819770715,3.70296812062843,1386,"fixest"
"divorce_event","event_p9",-4.54505820220255,3.47119630643327,3.52605383779576,1386,"fixest"
"divorce_event","event_p10",-8.42998192436161,4.01121215090845,4.074603897426,1386,"fixest"
"divorce_event","event_p11",-8.54014339886988,3.96570522159342,4.0283777930538,1386,"fixest"
"divorce_event","event_p12",-6.90880002678563,4.42337719417096,4.49328264800763,1386,"fixest"
"divorce_event","event_p13",-8.97891558824898,4.2461857017121,4.31329088526825,1386,"fixest"
"divorce_event","event_p14",-8.10981131650469,4.34147201749248,4.41008307153099,1386,"fixest"
"divorce_event","event_p15",-10.1581398089496,4.71396903676865,4.78846689901778,1386,"fixest"
"divorce_event","event_p16",-10.7304232884789,4.73171619332267,4.80649452521722,1386,"fixest"
"famine_unadjusted","any_gen",-1.54074618994027,0.806677784942312,0.806677784942312,921,"fixest"
"famine_unadjusted_1954","any_gen",0.683955852900221,0.311338759168728,0.311338759168728,921,"fixest"
"famine_unadjusted_1955","any_gen",-0.261393499532686,0.283755977869103,0.283755977869103,921,"fixest"
"famine_unadjusted_1956","any_gen",-0.0234219486142642,0.24349793585279,0.24349793585279,921,"fixest"
"famine_unadjusted_1958","any_gen",0.0903661853625045,0.386911636438574,0.386911636438574,921,"fixest"
"famine_unadjusted_1959","any_gen",-1.20095621530892,1.07059650808159,1.07059650808159,921,"fixest"
"famine_unadjusted_1960","any_gen",-3.49414011864118,1.77615194539009,1.77615194539009,921,"fixest"
"famine_unadjusted_1961","any_gen",-1.55825461117362,0.755687617609653,0.755687617609653,921,"fixest"
"famine_unadjusted_1962","any_gen",-0.0438759513227913,0.280174406571026,0.280174406571026,921,"fixest"
"famine_unadjusted_1963","any_gen",-0.792530890571652,0.259780837967328,0.259780837967328,921,"fixest"
"famine_unadjusted_1964","any_gen",-1.53531518110897,0.26977725595569,0.26977725595569,921,"fixest"
"famine_unadjusted_1965","any_gen",-0.940598641921146,0.225723831118392,0.225723831118392,921,"fixest"
"famine_unadjusted_1966","any_gen",-0.733029307417934,0.22688643222488,0.22688643222488,921,"fixest"
"famine_adjusted","any_gen",-2.68803796615275,0.771132443838061,0.771132443838061,921,"fixest"
"famine_adjusted_1954","any_gen",0.77023361059053,0.269137189549178,0.269137189549178,921,"fixest"
"famine_adjusted_1955","any_gen",0.0866168588258348,0.276428358981663,0.276428358981663,921,"fixest"
"famine_adjusted_1956","any_gen",-0.101301307928591,0.285774477486244,0.285774477486244,921,"fixest"
"famine_adjusted_1958","any_gen",-0.756432760836367,0.376137113329686,0.376137113329686,921,"fixest"
"famine_adjusted_1959","any_gen",-3.14289466384123,1.10490847943344,1.10490847943344,921,"fixest"
"famine_adjusted_1960","any_gen",-5.49350035943417,1.73214364940343,1.73214364940343,921,"fixest"
"famine_adjusted_1961","any_gen",-1.35932408049939,0.775401642415962,0.775401642415962,921,"fixest"
"famine_adjusted_1962","any_gen",-0.0990364690597046,0.334103693195621,0.334103693195621,921,"fixest"
"famine_adjusted_1963","any_gen",-0.499510581680648,0.24826587618065,0.24826587618065,921,"fixest"
"famine_adjusted_1964","any_gen",-0.838530061519243,0.262984288059916,0.262984288059916,921,"fixest"
"famine_adjusted_1965","any_gen",-0.556561301028974,0.223825625592943,0.223825625592943,921,"fixest"
"famine_adjusted_1966","any_gen",-0.511993335460062,0.225236731961932,0.225236731961932,921,"fixest"
"famine_interacted","any_gen",-2.77954571076016,0.781958059581953,0.781958059581953,921,"fixest"
"famine_interacted_1954","any_gen",0.835986097526506,0.269525669223144,0.269525669223144,921,"fixest"
"famine_interacted_1955","any_gen",0.0961732924741074,0.282483514404303,0.282483514404303,921,"fixest"
"famine_interacted_1956","any_gen",-0.130387950475045,0.287427780294785,0.287427780294785,921,"fixest"
"famine_interacted_1958","any_gen",-0.755761421099158,0.384329387387111,0.384329387387111,921,"fixest"
"famine_interacted_1959","any_gen",-3.14077058973815,1.11763233792388,1.11763233792388,921,"fixest"
"famine_interacted_1960","any_gen",-5.70130570997386,1.76155782794687,1.76155782794687,921,"fixest"
"famine_interacted_1961","any_gen",-1.52034512222963,0.805616462698265,0.805616462698265,921,"fixest"
"famine_interacted_1962","any_gen",-0.0892657279889773,0.348755621505386,0.348755621505386,921,"fixest"
"famine_interacted_1963","any_gen",-0.549818069111693,0.254154909476859,0.254154909476859,921,"fixest"
"famine_interacted_1964","any_gen",-0.921429935389622,0.270226398662691,0.270226398662691,921,"fixest"
"famine_interacted_1965","any_gen",-0.587300525144218,0.226925189702231,0.226925189702231,921,"fixest"
"famine_interacted_1966","any_gen",-0.528766791413087,0.227772349810851,0.227772349810851,921,"fixest"
"gs2020_twfe","cand_A_all",0.12753980857003,0.0249906624723339,0.0259344742722704,6847,"fixest"
"turnout_twfe","policy_edr",0.77757431162937,3.17813612904009,3.24668328454994,1128,"fixest"
"turnout_twfe","policy_mail_in",-0.94429630103812,1.75570313840569,1.79357075992062,1128,"fixest"
"turnout_twfe","policy_motor",-0.205707238092666,1.39515811969489,1.4252493797003,1128,"fixest"
