year,actual,counterfactual,gap
1970,123.0,115.14593558357444,7.854064416425558
1971,121.0,117.81958566359295,3.180414336407054
1972,123.5,124.78447344880286,-1.2844734488028564
1973,124.400001525879,124.63725128883436,-0.23724976295535782
1974,126.699996948242,126.54048769818681,0.15950925005519423
1975,127.099998474121,128.6453629016479,-1.5453644275269056
1976,128.0,127.7336163204486,0.26638367955139586
1977,126.400001525879,126.02789040341554,0.37211112246346545
1978,126.099998474121,125.69307050461103,0.40692796950996524
1979,121.900001525879,122.19311849530037,-0.29311696942136223
1980,120.199996948242,122.39551159592268,-2.1955146476806817
1981,118.599998474121,121.17616224587293,-2.5761637717519363
1982,115.400001525879,116.9277291477691,-1.5277276218900937
1983,110.800003051758,113.08896605553386,-2.288963003775862
1984,104.800003051758,103.41910981780933,1.3808932339486688
1985,102.800003051758,103.52543752284156,-0.7254344710835596
1986,99.6999969482422,101.50364750523029,-1.8036505569880887
1987,97.5,97.81565542358923,-0.3156554235892344
1988,90.0999984741211,92.96947027897336,-2.8694718048522674
1989,82.4000015258789,90.06172328732997,-7.661721761451062
1990,77.8000030517578,87.54605392554667,-9.746050873788874
1991,68.6999969482422,82.15744874093429,-13.457451792692083
1992,67.5,82.7125920023121,-15.212592002312107
1993,63.4000015258789,80.81705913188372,-17.417057606004825
1994,58.5999984741211,80.2560597196676,-21.656061245546503
1995,56.4000015258789,79.20155199173446,-22.801550465855563
1996,54.5,77.35424017713159,-22.854240177131587
1997,53.7999992370605,74.78482096138443,-20.98482172432393
1998,52.2999992370605,76.68176309338045,-24.381763856319957
1999,47.2000007629395,73.88064455063028,-26.680643787690776
2000,41.5999984741211,66.72798940941047,-25.12799093528937
