state,scm,sdid
Alabama,6.403256015647972e-19,0.0
Arkansas,1.3945001384592537e-18,0.0
Colorado,2.567943268716324e-11,0.057419834967696544
Connecticut,1.3123027195441072e-11,0.07836172695076443
Delaware,3.0050572114781667e-12,0.07043409267860978
Georgia,1.4786548979346219e-16,0.0020073423167169206
Idaho,3.480474364975128e-09,0.0315121888829778
Illinois,2.309289719308835e-13,0.05346125931368135
Indiana,1.743684662682095e-14,0.010312928435925107
Iowa,1.3409122502857963e-14,0.026183231571654197
Kansas,1.2010985472324091e-15,0.021820935454723883
Kentucky,4.874516367748185e-13,0.0
Louisiana,3.433825212107827e-15,0.0
Maine,4.577668994724636e-14,0.028352767467585444
Minnesota,1.930320120215088e-15,0.03964883876828954
Mississippi,4.8295477310709933e-17,0.0
Missouri,9.08699542033599e-15,0.008159501593023685
Montana,0.22327355404038327,0.045193190676417395
Nebraska,2.908067409958229e-13,0.04803962353063729
Nevada,0.20515112421120588,0.12419385264409721
New Hampshire,8.928452179250514e-11,0.10456757928224394
New Mexico,0.5715753181279764,0.04072345581658749
North Carolina,7.179279109193438e-13,0.03266469672087048
North Dakota,1.7948857506499582e-16,0.0
Ohio,2.632268193134418e-15,0.03174769334754231
Oklahoma,1.1181190820642534e-15,0.0
Pennsylvania,1.551773415129424e-16,0.015677380701287547
Rhode Island,1.0449070045894422e-14,0.0012904243995757597
South Carolina,3.665832488949572e-16,0.0
South Dakota,2.1607537273682834e-16,0.0043235661073016815
Tennessee,2.576277909874439e-18,0.0
Texas,3.029458055037854e-16,0.010072383718906437
Utah,6.700595968572224e-12,0.041666431949090886
Vermont,7.58745977343503e-15,0.0
Virginia,1.2683536920238342e-14,0.0
West Virginia,2.9628979092899036e-13,0.03377615085371379
Wisconsin,1.2063686436006829e-14,0.036921566942966985
Wyoming,3.72139684113485e-15,0.00146735490711213
