"No.","Paper_Index","Paper","Folder_Name","Year","Journal","Subfield","Paper_Name","T","N","Obs","Within_variation","DID_mention","Category","Baseline_Model","outcome_continuous","vce_cl","vce_bootstrap","spec_ldv","spec_hu_tr","spec_u_tr","visual_pretrend","plot_raw","plot_dynamic","adjx","adjy","Mbar_Placebo","Note","reported","reported_se","replicated","replicated_se","twfe","twfe_se","twfe_boot_se","fect","fect_boot_se","iw","iw_se","iw_boot_se","stack","stack_se","stack_boot_se","cs_notyet","cs_notyet_se","cs_notyet_boot_se","didm","didm_se","didm_boot_se","cs_never","cs_never_se","cs_never_boot_se","F_p","placebo_p","carryover_p","att_placebo","att_placebo_se","att_carryover","att_carryover_se","num.unit","unit.purecontrol","unit.always","num.obs","obs.purecontrol","obs.always","placebo_honest_lb_m0","placebo_honest_ub_m0","placebo_honest_mean_m0","placebo_honest_se_m0","placebo_honest_t_m0","placebo_honest_p_m0","placebo_honest_lb_m1","placebo_honest_ub_m1","placebo_honest_mean_m1","placebo_honest_se_m1","placebo_honest_t_m1","placebo_honest_p_m1","placebo_honest_lb_m50","placebo_honest_ub_m50","placebo_honest_mean_m50","placebo_honest_se_m50","placebo_honest_t_m50","placebo_honest_p_m50","placebo_honest_lb_m25","placebo_honest_ub_m25","placebo_honest_mean_m25","placebo_honest_se_m25","placebo_honest_t_m25","placebo_honest_p_m25","att_carryover_all","att_carryover_all_se","z.reported","z.reported.rep","z.reported.boot","z.replicated","z.twfe","z.twfe.boot","z.fect","z.fect_c","z.iw","z.stack","z.cs_notyet","z.cs_never","z.didm"
1,"beazer","\citet{Beazer2022}","Beazer_Reuter_2022",2022,"JOP","CP","Beazer & Reuter (2022)",11,199,2027,0,1,"general","u+t",1,1,0,0,0,0,0,0,0,-1.75,0.2,0,NA,20.1355949133367,8.7539842075686,20.1355949133367,8.7539842075686,19.5529275043335,8.66784206850457,8.72368999898889,24.378566162365,8.79110939927529,NA,NA,NA,NA,NA,NA,NA,NA,NA,NA,NA,NA,NA,NA,NA,0.145,0.721,0.298,25.3856016681511,10.5332260868254,24.902185197294,8.34808184486339,199,102,21,2027,1040,191,-2.33344236065864,29.8162079417493,13.7413827905453,8.20144140367549,1.67548387096774,0.0938393330409708,-83.2261108634914,102.930735242387,9.85231218944762,47.4889913535403,0.207465181058496,0.835646582574176,-39.1499773843838,59.3731445100921,10.1115835628541,25.1334494628765,0.402315789473685,0.687451635825757,-18.9268102586756,40.705605624823,10.8893976830737,15.2123509906884,0.715826086956524,0.47409874227122,20.9037234731093,9.5513944372646,2.30016349537479,2.30016349537479,2.30815112821186,2.30016349537479,2.25580108056894,2.24135973499744,2.77309325309667,2.982982876793,NA,NA,NA,NA,NA
2,"bischof","\citet{Bischof2019}","Bischof_Wagner_2019",2019,"AJPS","CP","Bischof & Wagner (2019)",42,17,534,0,1,"staggered","u+ht",1,1,1,1,0,0,0,0,0,-1.85,0.25,0.14,NA,0.116163462544311,0.0557759011082032,0.117472525986875,0.0584882513226169,0.117472525986875,0.0584882513226169,0.0594876986832728,0.0823338906900664,0.0713440250042564,0.0789789566809907,0.0397904914851734,0.0772018814665532,0.121954777917054,0.0611128985519871,0.0788312165648592,-0.011038920486112,0.0854442924175838,0.0809795532853429,0.08129,0.02713,0.135775811923064,0.000973621712376725,0.0919833532006247,0.099454942723239,0.885,0.706,NA,0.166197378123513,0.0689491397043778,NA,NA,17,8,0,534,239,0,0.0380380380380378,0.278278278278278,0.158158158158158,0.06128577557149,2.58066666666666,0.00986097443208478,-0.474474474474474,0.782782782782783,0.154154154154154,0.320728892157464,0.480636942675159,0.630774554610676,-0.182182182182182,0.49049049049049,0.154154154154154,0.171600171600172,0.898333333333333,0.369007866661284,-0.05005005005005,0.366366366366366,0.158158158158158,0.106228677657249,1.48884615384615,0.136527885497467,NA,NA,2.08268195109852,1.98609908686724,1.95273081856459,2.00848073468474,2.00848073468474,1.97473643437323,1.1540404495703,NA,1.02301854800271,1.54703660848256,-0.136317379366305,0.00978957591968153,0.598707522707078
3,"bisgaard","\citet{Bisgaard2018}","Bisgaard_Slothuus_2018",2018,"AJPS","CP","Bisgaard & Slothuus (2018)",2,570,1140,0,1,"2by2","u+t",1,1,0,0,0,0,NA,1,0,2,0.25,NA,NA,-0.0541142557651991,0.0178891656613738,-0.0541142557651991,0.0178891656613738,-0.0541142557651991,0.0178891656613738,0.0178677427321946,-0.0541142557651929,0.0170167391108562,NA,NA,NA,NA,NA,NA,NA,NA,NA,NA,NA,NA,NA,NA,NA,NA,NA,NA,NA,NA,NA,NA,570,252,0,1140,504,0,NA,NA,NA,NA,NA,NA,NA,NA,NA,NA,NA,NA,NA,NA,NA,NA,NA,NA,NA,NA,NA,NA,NA,NA,NA,NA,-3.02497370696512,-3.02497370696512,-3.02860056674616,-3.02497370696512,-3.02497370696512,-3.02860056674616,-3.18006025788275,NA,NA,NA,NA,NA,NA
4,"blair","\citet{Blair2022}","Blair_etal_2022",2022,"JOP","IR","Blair, Christensen & Wirtschafter (2022)",18,177,3186,1,0,"general","u+t",1,1,0,0,0,0,0,0,1,2.9,0.25,0,NA,-0.653506633180281,0.321751241107136,-0.653506633180281,0.321751241107136,-0.650136115208391,0.322820919731994,0.3134412057392,-0.50215026193684,0.401215578799645,NA,NA,NA,NA,NA,NA,NA,NA,NA,NA,NA,NA,NA,NA,NA,0.427,0.516,0.329,-0.903295482495087,0.526678576460004,-0.594345171306013,0.444756618445734,177,86,25,3186,1548,450,-0.990434292095637,0.968177341711465,-0.0111284751920859,0.499645824950791,-0.0222727272727275,0.982230403967819,-2.25908046399342,2.34810826553011,0.0445139007683428,1.17530324732743,0.0378743961352653,0.969787827321863,-1.4133163493949,1.54685805169993,0.0667708511525138,0.755146530891537,0.0884210526315776,0.929542029247972,-1.12397599440067,1.23526074632152,0.0556423759604279,0.60184610732709,0.0924528301886773,0.926338266700176,-0.519683214684736,0.599066125077443,-2.03109281235897,-2.03109281235897,-2.08494167714514,-2.03109281235897,-2.01392188507527,-2.07418840696185,-1.25157219328116,-1.33633800298023,NA,NA,NA,NA,NA
5,"bokobza","\citet{Bokobza2022}","Bokobza_etal_2022",2022,"JOP","CP","Bokobza et al. (2022)",50,115,3715,1,0,"general","u+t",1,1,0,1,0,0,1,0,0,2,0.35,0,NA,0.105548766926605,0.0322659442584978,0.105548766926605,0.0322659442584978,0.105548766926605,0.0322659442584978,0.0328992164727628,0.105807946355308,0.031200067799955,NA,NA,NA,NA,NA,NA,NA,NA,NA,NA,NA,NA,NA,NA,NA,0,0.002,0.497,0.119669496326522,0.0317942661499654,0.105310515147967,0.0320781960155379,114,62,0,3676,1751,0,-0.0899498857020812,0.0566351132198288,-0.0166573862411262,0.0373941323780383,-0.445454545454546,0.655991301406399,-0.255191157214052,0.184563839551678,-0.0353136588311874,0.112182397134115,-0.314787878787879,0.752922715548076,-0.164574976062326,0.103275794694982,-0.0306495906836721,0.0683292782544154,-0.448557213930349,0.653751104564132,-0.124597249083624,0.0752913858098901,-0.0246529316368667,0.0509919986973249,-0.483466666666667,0.628764422196807,0.0614956070269901,0.0500070784469593,3.27121270900997,3.27121270900997,3.20824561320447,3.27121270900997,3.27121270900997,3.20824561320447,3.39127296240879,3.28293134367521,NA,NA,NA,NA,NA
6,"Caughey","\citet{Caughey2017}","Caughey_etal_2017",2017,"JOP","AP","Caughey, Warshaw & Xu (2017)",79,50,3586,1,0,"general","u+t + ldv",1,1,1,1,0,0,0,0,0,-2.3,0.3,0.125,NA,0.0122267168142838,0.00363157114035196,0.0122267168142838,0.00363157114035196,0.0122267168142838,0.00363157114035196,0.00357694775867402,0.0137057284281013,0.00445384819478914,NA,NA,NA,NA,NA,NA,NA,NA,NA,NA,NA,NA,NA,NA,NA,0.186,0.406,0.165,0.00904011941588993,0.00670797310227663,0.00744544408210603,0.00598592469191247,49,0,0,3586,0,0,0.0162162162162162,0.0522522522522523,0.0342342342342342,0.0091928663357235,3.72399999999999,0.000196090924907688,-0.213213213213213,0.297297297297297,0.042042042042042,0.130232273089416,0.322823529411765,0.746828892387819,-0.0870870870870871,0.16996996996997,0.0414414414414414,0.0655757798614942,0.631962616822429,0.527411305205485,-0.0258258258258258,0.106306306306306,0.0402402402402403,0.0337071765643194,1.19381818181818,0.232549097853185,0.0356739783274188,0.0239273417592043,3.36678433156037,3.36678433156037,3.41819831856205,3.36678433156037,3.36678433156037,3.41819831856205,3.07727785696345,1.24382521754166,NA,NA,NA,NA,NA
7,"chris_sub","\citet{Christensen2021}","Christensen_Garfias_2021",2021,"JOP","CP","Christensen & Garfias (2021)",12,3289,25536,0,1,"staggered","u+t",1,1,0,0,0,0,0,0,1,2.1,0.2,0,NA,0.085738768827561,0.0310011968025653,0.085738768827561,0.0310011968025653,0.0857317223552181,0.0311593106673539,0.0309164322269684,0.0444816588133615,0.03710104266267,0.0438307311099255,0.0402423665317434,0.039359887593284,0.0418821716304697,0.0310572410595066,0.0435393544123386,0.0402515354960477,0.0432866708969175,0.0453163449287876,0.058,0.03885,0.152925344039651,0.0212919814136207,0.0444637970447318,0.0463309114620825,0.73,0.756,NA,0.0183053895576296,0.0600178379473868,NA,NA,3289,794,136,25536,6106,1051,-0.00325166747636052,0.165835041294385,0.081291686909012,0.0431343644823329,1.88461538461538,0.0594817837003188,-0.185345046152547,0.371773981463881,0.0932144676556671,0.142122200922558,0.655875486381323,0.511904241901946,-0.0769561302738646,0.256881730632478,0.0899628001793066,0.0851627196189649,1.05636363636364,0.290802112706226,-0.0336005639223915,0.207022829328284,0.0867111327029462,0.0613835186863968,1.41261261261261,0.157769658520408,NA,NA,2.7656599638265,2.7656599638265,2.77324266261135,2.7656599638265,2.75139983905486,2.77301474264014,1.19893284988774,NA,1.1135888283737,0.961938278501456,0.888234378992856,0.459563188845231,0.379270031166066
8,"Clark","\citet{Clarke2020}","Clarke_2020",2020,"AJPS","AP","Clarke (2020)",17,702,3603,0,1,"general","u+t",1,1,0,0,0,0,0,1,0,1.1,0.25,0,NA,0.0779517566804042,0.0163772697587775,0.0779517566804042,0.0212687019324431,0.0780042006528724,0.0212949043901376,0.0209119292835657,0.0828854082468961,0.0277110316275891,NA,NA,NA,NA,NA,NA,NA,NA,NA,NA,NA,NA,NA,NA,NA,0.268,0.165,0,0.0349306302040523,0.0370375523519678,0.10767176324085,0.0279231951907925,702,624,38,3603,3207,135,-0.0574467808115132,0.115777358250896,0.0291652887196913,0.0441898313934717,0.66,0.509253829342672,-0.232438513129661,0.262487598477222,0.0150245426737803,0.126256661124205,0.119,0.905275355781908,-0.133453290808284,0.179410715457495,0.0229787123246052,0.0798122464963723,0.287909604519774,0.773415934727602,-0.0927986459262906,0.147594036854195,0.0273976954639524,0.0613246639746138,0.446764705882352,0.655044957004804,0.102674671701663,0.0230218293713781,4.7597528665378,3.66509234686755,3.72762147496668,3.66509234686755,3.66304535694459,3.73012932451786,2.99106180386209,3.85599722757924,NA,NA,NA,NA,NA
9,"clayton","\citet{Clayton2018}","Clayton_Zetterberg_2018",2018,"JOP","CP","Clayton & Zetterberg (2018)",17,139,2227,0,1,"staggered","u+t",1,1,0,0,0,0,1,0,0,0,0,0,NA,0.718195549107509,0.333558953772762,0.718195549107509,0.333558953772762,0.765671194026599,0.338072354574927,0.300551217525215,0.192945222491978,0.44214244665756,-0.0451901275885252,0.434132457503011,0.488534271462819,0.836320023370543,0.31096685531842,0.39861370554761,-0.0278871744823895,0.4938637793812,0.516462570026968,0.54109,1.25711,0.587045105448384,-0.0957663455452943,0.49835383218551,0.553359077773984,0.048,0.236,NA,1.16731259322123,0.469224036678265,NA,NA,139,78,5,2227,1249,83,-0.0314957401639475,1.50129694781482,0.734900603825438,0.391018542851727,1.87945205479452,0.0601827942767532,-2.67713791393552,4.31491640246079,0.818889244262631,1.7836873256113,0.459099099099099,0.646163003595109,-1.03935942541026,2.67713791393552,0.818889244262631,0.948086055955558,0.863728813559322,0.387736881321598,-0.346453141803421,1.94223731011009,0.797892084153333,0.583849605079977,1.36660550458716,0.171748990914895,NA,NA,2.15312927740139,2.15312927740139,2.38959454239195,2.15312927740139,2.26481456902713,2.54755645420855,0.436387014978036,NA,-0.0925014481649615,2.09807142035324,-0.0539965064282071,-0.173063656840215,0.921717931004154
10,"Cox","\citet{cox2021budgetary}","Cox_Dincecco_2021",2021,"AJPS","CP","Cox & Dincecco (2021)",259,10,1361,0,1,"general","u+t",1,1,0,0,1,1,0,1,1,-1.7,0.3,0.3,NA,0.392174011358982,0.107643969974984,0.392174011358982,0.107643969974984,0.392174011358982,0.107643969974984,0.136971017668889,0.439005365011699,0.110276427003604,NA,NA,NA,NA,NA,NA,NA,NA,NA,NA,NA,NA,NA,NA,NA,0.105,0.529,0.51,0.461340336621665,0.142546019624966,0.477192636496002,0.121931264592024,10,3,0,1361,349,0,0.14014014014014,0.556556556556557,0.348348348348348,0.106228677657249,3.27923076923077,0.00104090478770247,-0.341341341341342,0.920920920920921,0.289789789789789,0.322005679148536,0.899952418715304,0.368145572591745,-0.0810810810810807,0.6996996996997,0.30930930930931,0.199178770607342,1.55292307692308,0.120441512894836,0.0360360360360357,0.621621621621622,0.328828828828829,0.149384077955507,2.20123076923077,0.0277196910883255,0.504927919976089,0.194552635796131,3.64325109386177,3.64325109386177,2.86318973191114,3.64325109386177,3.64325109386177,2.86318973191114,3.9809538351959,3.91362000626061,NA,NA,NA,NA,NA
11,"dahlstrom","\citet{dahlstrom2023loyal}","Dahlstrom_Holmgren_2023",2023,"JOP","CP","Dahlstrom & Holmgren (2023)",43,371,5316,1,0,"general","u+t",1,1,1,1,0,0,0,1,0,-2.2,0.25,0,NA,-1.78787599798228,0.581250575474812,-1.78787599798228,0.581250575474812,-1.78787599798242,0.58125857195391,0.591259895011215,-1.67417917776484,0.645524975290056,NA,NA,NA,NA,NA,NA,NA,NA,NA,NA,NA,NA,NA,NA,NA,0.257,0.173,0.576,-2.51899397295063,0.988817161284614,-1.83470435392176,1.1825499478903,371,90,18,5316,441,52,-6.23572368155825,1.65356250980618,-2.29108058587603,2.01257300800113,-1.13838383838384,0.254960239591231,-18.5079466459029,13.0491981195548,-2.72937426317406,8.05029203200453,-0.339040404040404,0.734579292794466,-11.2960234103627,5.91696464352333,-2.68952938341969,4.39106838109338,-0.612499999999999,0.540206998002471,-8.22796766927654,2.92859866194589,-2.64968450366533,2.84606283959756,-0.930999999999999,0.351853564167578,8.68898719468558,8.95400012621365,-3.07591265010242,-3.07591265010242,-3.02384114509978,-3.07591265010242,-3.07587033421708,-3.0238411451,-2.59351573037522,-1.55148148895945,NA,NA,NA,NA,NA
12,"dipoppa","\citet{dipoppa2023locked}","Dipoppa_etal_2023",2023,"JOP","CP","Dipoppa et al. (2023)",159,7922,1259477,0,1,"block","u+t",1,1,0,0,0,0,0,0,1,-2,0,0,NA,0.00124343488291954,0.000361611443726327,0.00124343488291954,0.000361611443726327,0.00124343488291954,0.000361611443726327,0.000368028530775442,0.00124344718752418,0.000370503135036864,NA,NA,NA,NA,NA,NA,NA,NA,NA,NA,NA,NA,NA,NA,NA,0.397,0.911,NA,0.00124283600451495,0.000375744404706207,NA,NA,7922,3965,0,1259477,630432,0,-0.000375145988377189,0.00319977460674662,0.00141231430918471,0.0009119695395724,1.54864197530864,0.12146780956957,-0.00187572994188595,0.00520055321142496,0.00166241163476951,0.0018051742738038,0.920914760914761,0.357094931396892,-0.00105187992819486,0.00406775944259972,0.00150793975720243,0.00130603045173331,1.15459770114943,0.248255208514781,-0.000713512958286026,0.00358227639881748,0.00143438172026573,0.00109586463191416,1.30890410958904,0.190566834385143,NA,NA,3.43859384013463,3.43859384013463,3.37863719505551,3.43859384013463,3.43859384013463,3.37863719505551,3.35610436170928,NA,NA,NA,NA,NA,NA
13,"Distelhorst","\citet{Distelhorst2018}","Distelhorst_Locke_2018",2018,"AJPS","CP","Distelhorst & Locke (2018)",4,2447,6915,0,1,"general","u+t",1,1,1,0,0,1,0,1,0,2.6,0.25,0.4,NA,0.143383034505826,0.0481414572527099,0.143383034505826,0.0481414572527099,0.142563833765352,0.0481603770883521,0.0483626158927734,0.149372394326237,0.0493149693052166,NA,NA,NA,NA,NA,NA,NA,NA,NA,NA,NA,NA,NA,NA,NA,0,0,0,-0.0810938641685868,0.081560978239529,0.313437917020484,0.0641867086886106,2447,1262,193,6915,3242,518,0.250913901821213,0.648043818372773,0.449478860096993,0.10130865218152,4.43672727272727,9.13368942700998e-06,-0.536125387344606,1.53256045069216,0.498217531673775,0.527725979091011,0.944083769633508,0.345126842558593,-0.0776208473259867,1.05239427886163,0.487386715767824,0.288269164843781,1.69073482428115,0.0908874600376732,0.117333838981143,0.8285574168053,0.472945627893222,0.181434586179632,2.60670050761421,0.00914192820959703,0.53053029794652,0.0796486805831961,2.97836922038239,2.97836922038239,2.9647493597891,2.97836922038239,2.96018931711878,2.94781064120758,3.02894631043472,4.8832215177299,NA,NA,NA,NA,NA
14,"eckhouse","\citet{Eckhouse2022}","Esberg_Siegel_2023",2022,"AJPS","CP","Eckhouse (2022)",27,47,1023,1,0,"staggered","u+t",1,0,1,0,0,0,0,0,0,1.3,0.45,0,NA,0.013020379016337,0.00401619298338165,0.013020379016337,0.00862730944604198,0.0129951163828126,0.00872500232362671,0.0089577783132338,0.0144901539288362,0.0136181646413805,0.0169350614495459,0.0352631906041023,0.0319631451289003,0.0170884031958783,0.0178694001452381,0.0473635042556107,0.00359884678849227,0.0103803768722889,0.0115872582706931,0.00681,0.00979,0.00976837787604194,NA,NA,NA,0.365,0.225,NA,0.0206179851863881,0.0210869356895133,NA,NA,47,0,0,1023,0,0,-0.0184274451983137,0.0344923974224847,0.00803247611208549,0.0134999598522445,0.595000000000001,0.551843470984645,-0.0902472316122546,0.10820217821574,0.00897747330174264,0.050624849445917,0.177333333333334,0.859246569480128,-0.0486673552673415,0.0656773046811697,0.00850497470691408,0.0291695561093141,0.291570247933885,0.770615226141514,-0.0316574058535134,0.0477223580776844,0.00803247611208549,0.0202499397783668,0.396666666666667,0.691613283980823,NA,NA,3.24197046063603,1.50920505376221,1.45352771201106,1.50920505376221,1.48941122314922,1.4507075223791,1.06403133685182,NA,0.529830884327888,0.360792628511096,0.310586568834373,NA,0.697147477955608
15,"esberg","\citet{esberg2023exile}","Eckhouse_2022",2023,"APSR","AP","Esberg & Siegel (2023)",89,357,22669,0,1,"staggered","u+t",1,1,0,0,0,1,0,0,1,-1.7,0.25,0.03,NA,2.83135057627834,0.636669661116496,2.83135057627834,0.636669661116496,2.80872944585957,0.636747238662338,0.622407017099028,2.89795462623402,0.573588988364676,2.22053642280678,0.459717176517939,NA,2.98590680745414,0.642804986737749,NA,2.15566212167149,0.572170891510671,NA,2.28752,0.52516,NA,2.2082335748144,0.571155780713954,NA,0.01,0.016,NA,2.98779797856315,0.639968309522344,NA,NA,355,266,11,22491,15947,596,0.68068068068068,3.003003003003,1.84184184184184,0.592429163857735,3.10896551724138,0.00187743628503578,-16.4564564564565,19.4194194194194,1.48148148148148,9.15200915200915,0.161875,0.87140429025529,-7.56756756756756,10.7707707707708,1.6016016016016,4.67814753529039,0.34235807860262,0.732081432807968,-3.16316316316316,6.6066066066066,1.72172172172172,2.49228820657392,0.690819672131147,0.489678871411824,NA,NA,4.44712658572915,4.44712658572915,4.54903382914119,4.44712658572915,4.41105869851917,4.51268923501337,5.05231914318335,NA,4.83022287665193,4.64512078944454,3.7675144850169,3.86625444297189,4.35585345418539
16,"Fouirnaies","\citet{Fouirnaies2018ajps}","Fouirnaies_2018",2018,"AJPS","AP","Fouirnaies (2018)",23,16404,45639,0,1,"general","u+hu*t",1,1,0,0,0,0,0,0,1,0,0,1.75,NA,0.866164916363767,0.0663355518113662,0.866164916360534,0.0663444528615667,0.8676542849825,0.0663112546730609,0.0647385122248728,0.873318352048577,0.106667817691588,NA,NA,NA,NA,NA,NA,NA,NA,NA,NA,NA,NA,NA,NA,NA,0,0.008,0.722,1.06171225220202,0.23243071455327,0.952263549477957,0.110585205362602,16404,14257,392,45639,36986,770,0.346291804979168,0.922366022608065,0.634328913793617,0.1469577085788,4.31640449438202,1.58591251038231e-05,0.203891436576519,1.04534815895581,0.624619797766163,0.214657327137573,2.90984615384615,0.00361606706726114,0.288037108814448,0.974147974754483,0.631092541784465,0.17502828212756,3.60566037735849,0.00031136012704569,0.320400828905959,0.941784254662972,0.631092541784465,0.158516180040054,3.98125,6.85537993228014e-05,0.997572340671781,0.141723948254294,13.0573258639171,13.0555740382861,13.3794380901911,13.0555740382374,13.0845704739016,13.4024440037895,8.1872712027692,8.61112972893205,NA,NA,NA,NA,NA
17,"FouirnaiesHall","\citet{fh2018}","Fouirnaies_Hall_2018",2018,"AJPS","AP","Fouirnaies & Hall (2018)",20,161820,443490,0,1,"general","u+hu*t",1,1,0,0,0,0,0,1,1,0,0,1,NA,0.279181747625165,0.0150510788328645,0.279181747625165,0.0142566908545379,0.279204650700341,0.0143381230141925,NA,0.286060899943649,0.0212969809757965,NA,NA,NA,NA,NA,NA,NA,NA,NA,NA,NA,NA,NA,NA,NA,0.15,0.466,0.894,0.231245529750653,0.0322997599650049,0.334659866028631,0.0311893325906367,161820,121640,18323,443490,314675,37561,0.154432112039921,0.369066572841168,0.261749342440544,0.0547536889799099,4.78048780487804,1.74870366786983e-06,0.0165774583545678,0.472021314201115,0.244299386277842,0.116184657103711,2.10268199233716,0.0354935772200162,0.0951022610867311,0.402221489550303,0.248661875318517,0.0783467419549929,3.17386363636364,0.00150424343902489,0.128257177795867,0.38302653777133,0.255641857783598,0.06499218366721,3.93342465753425,8.37440962879743e-05,0.360310435969716,0.039841758297651,18.548952585084,19.5825069417355,NA,19.5825069417355,19.4728871013292,19.4728871013292,13.431993026089,10.7299463704811,NA,NA,NA,NA,NA
18,"Fouirnaies2022","\citet{Fouirnaies2022}","Fouirnaies_Hall_2022",2022,"APSR","AP","Fouirnaies & Hall (2022)",130,4642,11109,0,1,"general","u+hu*t",1,1,0,0,0,0,0,0,0,0,0,2.75,NA,-0.242228017103736,0.0281385886156118,-0.24222801710228,0.0281604019568142,-0.242228017102411,0.0281605610575844,0.0281064155992846,-0.262892343541611,0.030965359423899,NA,NA,NA,NA,NA,NA,NA,NA,NA,NA,NA,NA,NA,NA,NA,0,0.001,0.237,-0.201353858152593,0.0516656936287086,-0.279491986968878,0.0312035379184882,4642,2936,137,11109,5605,137,-0.420587093731147,-0.246978661920747,-0.333782877825947,0.044287865257755,-7.53666666666667,4.81836792687318e-14,-0.519791911908518,-0.203576553968147,-0.361684232938333,0.0806671831480538,-4.48366013071895,7.337349471781e-06,-0.468122735774471,-0.236644826693938,-0.352383781234204,0.05905048701034,-5.9675,2.40916286919912e-09,-0.443321531230128,-0.242845127830023,-0.343083329530076,0.0511419396428838,-6.70845360824742,1.96698213272839e-11,-0.286169582309682,0.0341371538454133,-8.60839256768347,-8.60172441697415,-8.6182464728765,-8.60172441692248,-8.60167581913899,-8.61824647282937,-8.48988509846622,-8.9570608210833,NA,NA,NA,NA,NA
19,"Fresh","\citet{Fresh2018}","Fresh_2018",2018,"JOP","AP","Fresh (2018)",17,100,1695,0,1,"block","u+t",1,1,0,0,0,0,0,1,0,1,0.1,NA,NA,0.17504538130467,0.0633677373672435,0.17504538130467,0.0633677373672435,0.17504538130467,0.0633677373672435,0.0611408799525555,0.174677940337927,0.060463748459144,NA,NA,NA,NA,NA,NA,NA,NA,NA,NA,NA,NA,NA,NA,NA,0.852,0.863,NA,0.169494608267638,0.0747935780439771,NA,NA,100,60,0,1695,1015,0,NA,NA,NA,NA,NA,NA,NA,NA,NA,NA,NA,NA,NA,NA,NA,NA,NA,NA,NA,NA,NA,NA,NA,NA,NA,NA,2.76237386053735,2.76237386053735,2.86298433127725,2.76237386053735,2.76237386053735,2.86298433127725,2.88896975112217,NA,NA,NA,NA,NA,NA
20,"garfias","\citet{Garfias2019jop}","Garfias_2019",2018,"JOP","CP","Garfias (2019)",29,17,445,0,1,"block","u+t",1,1,0,0,0,0,0,1,1,1.2,0.25,0,NA,0.0690175292910361,0.0288204338983725,0.0690175292910361,0.0288204338983725,0.0690175292910361,0.0288204338983725,0.0295291494290658,0.067574039807296,0.0273144070426425,NA,NA,NA,NA,NA,NA,NA,NA,NA,NA,NA,NA,NA,NA,NA,0.9,0.325,NA,0.0571560109499491,0.0303816975097857,NA,NA,17,7,0,445,171,0,-0.0330330330330328,0.075075075075075,0.0210210210210211,0.0275785990071704,0.762222222222227,0.445927385226394,-1.32432432432432,1.29429429429429,-0.0150150150150149,0.66801495372924,-0.0224770642201833,0.982067407478585,-0.675675675675676,0.645645645645645,-0.0150150150150152,0.337071765643194,-0.0445454545454552,0.964469620426657,-0.345345345345345,0.315315315315315,-0.015015015015015,0.168535882821597,-0.0890909090909091,0.929009662160005,NA,NA,2.39474289437861,2.39474289437861,2.33726777186144,2.39474289437861,2.39474289437861,2.33726777186144,2.47393398296369,NA,NA,NA,NA,NA,NA
21,"grumbach2023","\citet{grumbach2023laboratories}","Grumbach_2023",2023,"APSR","AP","Grumbach (2023)",17,49,833,0,1,"general","u+t",1,1,1,0,0,0,0,0,1,1.4,0.25,0.15,NA,-0.458745074171314,0.156641371528617,-0.458745074171314,0.156641371528617,-0.4439431002942,0.154771948825952,0.157068316116876,-0.566292663743482,0.137167975660841,NA,NA,NA,NA,NA,NA,NA,NA,NA,NA,NA,NA,NA,NA,NA,0.087,0.328,0.071,-0.450161079327107,0.171280900068876,-0.649663634563736,0.16319764788576,49,17,5,833,289,85,-0.805402412509678,-0.243921873502931,-0.524662143006304,0.143234831379272,-3.66295081967213,0.000249326421888352,-2.62791301453158,1.63381632251963,-0.497048346005972,1.08717585128857,-0.45719222462203,0.647532886555971,-1.61540712451941,0.612105833507355,-0.501650645506028,0.56824310153744,-0.882809917355372,0.377338981257993,-1.14597257551377,0.142671284501715,-0.501650645506028,0.328735678575379,-1.526,0.127009864494884,-0.897393080264307,0.196452175045422,-2.9286329000733,-2.9286329000733,-2.92067226231647,-2.9286329000733,-2.86836925981615,-2.82643318060314,-4.12846118793562,-3.98083944824075,NA,NA,NA,NA,NA
22,"GH","\citet{Grumbach2022}","Grumbach_Hill",2022,"JOP","AP","Grumbach & Hill (2022)",20,49,980,0,1,"general","u+t",1,1,0,1,0,1,0,0,1,-1.8,0.3,0,NA,0.0310062973132058,0.0155245843855039,0.0310062973132058,0.0155245843855039,0.0306758014567149,0.0156924432299856,0.0148264302727552,0.0327030394347731,0.0193555956784016,NA,NA,NA,NA,NA,NA,NA,NA,NA,NA,NA,NA,NA,NA,NA,0.852,0.133,0,0.0198766827905652,0.0217072319121724,0.031972151501316,0.0196465762288812,49,31,3,980,620,60,-0.00392728108640511,0.0859638193357565,0.0410182691246757,0.0229314031689188,1.78873786407767,0.073657041961966,-0.129600275851369,0.258764187137582,0.0645819556431064,0.099072567089018,0.651865168539326,0.514488156568776,-0.0571637580354522,0.169745815845732,0.05629102890514,0.0578850953778532,0.972461538461539,0.330820990103953,-0.0274909676048358,0.124363901069495,0.0484364667323298,0.0387384869067171,1.25034482758621,0.211173609593436,0.0307631314174252,0.0174119412446676,1.99723847951498,1.99723847951498,2.09128541009514,1.99723847951498,1.95481360086099,2.06899441688835,1.68959095747519,1.62736504970855,NA,NA,NA,NA,NA
23,"Grumbach","\citet{Grumbach2020}","Grumbach_Sahn_2020",2020,"APSR","AP","Grumbach & Sahn (2020)",17,489,6847,0,1,"general","u+t",1,1,0,0,0,0,0,0,0,2,0.25,2.5,NA,0.128098297583548,0.0250066938339636,0.128098297583548,0.0250066938339636,0.128098297583548,0.0250066938339636,0.0253053528139762,0.1277491381527,0.0290622868901942,NA,NA,NA,NA,NA,NA,NA,NA,NA,NA,NA,NA,NA,NA,NA,0.217,0.536,0.278,0.140098180085766,0.0291952892651662,0.141131655812762,0.0283610011160172,489,424,0,6847,5824,0,0.0660729654850887,0.152255094378683,0.109164029931886,0.0219852369626515,4.96533333333333,6.85831699209771e-07,0.041449500086919,0.166208391437645,0.103828945762282,0.0318262477935527,3.26236842105263,0.00110485450083897,0.0545820149659428,0.158000569638255,0.106291292302099,0.0263822843551818,4.02888888888889,5.60410959089541e-05,0.0603274902255158,0.1547174409185,0.107522465572008,0.0240790690543326,4.46539130434783,7.99225411030058e-06,0.136508557190576,0.0284899797808568,5.12256032061174,5.12256032061174,5.0621028098371,5.12256032061174,5.12256032061174,5.0621028098371,4.39570150261656,4.97625789849343,NA,NA,NA,NA,NA
24,"Hainmueller","\citet{hainmueller2019does}","Hainmueller_Hangartner_2019",2019,"AJPS","AP","Hainmueller & Hangartner (2019)",21,1209,22971,1,0,"staggered","u+t",1,1,0,0,0,1,0,0,1,0,0,0.45,NA,1.33932484549041,0.18652541406857,1.33932484549041,0.18652541406857,1.60857888840681,0.195296156913274,0.187010508721777,1.50641649315062,0.207204942830114,1.33089852500405,0.287971458014925,0.295381779157481,1.668611324158,0.182370221341022,0.191635433861851,1.29231176431262,0.30802136417731,0.321569838718106,1.29231,0.30076,0.305357365231322,1.33089852500279,0.301885618093608,0.296004283632406,0.175,0.465,NA,1.82444407205022,0.235833273658069,NA,NA,1209,412,283,22971,7828,5377,0.980980980980982,2.15515515515516,1.56806806806807,0.299534228105657,5.23502131287297,1.64965827220698e-07,-1.57157157157157,4.67367367367367,1.55105105105105,1.59317480746052,0.973559865363039,0.330275122188212,-0.125125125125124,3.22722722722723,1.55105105105105,0.855191926620498,1.81368766796059,0.069725824736182,0.487487487487488,2.56356356356356,1.52552552552553,0.529611243896958,2.88046287367406,0.00397091716457099,NA,NA,7.18038800331013,7.18038800331013,7.16176248406972,7.18038800331013,8.23661312045753,8.60154276570604,7.27017643775864,NA,4.50568931096622,8.70721708679874,4.01875925137832,4.496213732689,4.23212323377567
25,"hallyoder","\citet{Hall2022}","Hall_Yoder_2022",2022,"JOP","CP","Hall & Yoder (2022)",9,9888539,88996851,0,1,"general","u+t",0,1,0,0,0,1,1,0,1,0,0,0.8,"1/100 subsample",0.0488287331220817,0.000202919402019255,0.0487767551601738,0.00201616072158847,0.0461990747441059,0.00207447042322299,NA,0.0587726242721016,0.00248552867237698,NA,NA,NA,NA,NA,NA,NA,NA,NA,NA,NA,NA,NA,NA,NA,0,0,0,0.0433231438796713,0.00350679808176591,0.0592990171480878,0.0024294884072102,98885,53926,20372,763778,385327,166225,0.0462462462462463,0.0576576576576577,0.051951951951952,0.00291107433964577,17.8463157894737,0,-0.00780780780780779,0.112912912912913,0.0525525525525526,0.0307961022246737,1.70646766169154,0.0879210422822563,0.021021021021021,0.0834834834834835,0.0522522522522523,0.0159343016485874,3.27923076923077,0.00104090478770247,0.0342342342342342,0.0696696696696697,0.051951951951952,0.00903965189679476,5.7471186440678,9.07770347780001e-09,0.0590760813957377,0.00223794222673774,240.631169992549,24.2186709617134,NA,24.1928902978251,22.270298109302,22.270298109302,23.645924879191,24.4080263861729,NA,NA,NA,NA,NA
26,"Hankinson","\citet{hankinson2023supply}","Hankinson_Magazinnik_2023",2023,"JOP","AP","Hankinson & Magazinnik (2023)",10,40,397,0,1,"staggered","u+t",1,1,1,0,0,1,0,0,0,-2.3,0.25,0,NA,-1.34848252936332,0.447591295470254,-1.10112737391866,0.328531153323218,-1.10112737391866,0.328531153323218,0.358550401568879,-0.513400676875251,0.457811305837873,-1.0848774477517,0.535662534112498,0.566584670747647,-0.470517636963063,0.352691022519565,0.433115923309597,-0.576914887246509,0.756952185794827,1.70899500349764,-1.17366,0.48581,0.572101125006538,-0.983875053949821,0.813703241527569,1.27292263872856,0.342,0.289,NA,0.375209197128111,0.603849016672339,NA,NA,40,8,0,397,80,0,-1.72472472472472,0.504504504504506,-0.610110110110109,0.568680925823783,-1.07285136955545,0.283337808255303,-4.32832832832833,3.38038038038038,-0.473973973973973,1.96650732365018,-0.241023243734579,0.809537101592029,-2.69469469469469,1.67867867867868,-0.508008008008007,1.11565647279933,-0.455344472419317,0.648861436402693,-2.15015015015015,1.01501501501502,-0.567567567567568,0.807440093154379,-0.70292220113852,0.482104234660391,NA,NA,-3.01275414202717,-4.10458038978313,-3.76092879400741,-3.35166806185758,-3.35166806185758,-3.07105324412008,-1.12142419885337,NA,-1.91476667789146,-1.08635497251559,-0.337575526005513,-0.772926039662985,-2.0514904598144
27,"hirano","\citet{Hirano2022}","Hirano_etal_2022",2022,"JOP","AP","Hirano et al. (2022)",26,33,769,1,0,"staggered","u+t",1,1,0,0,0,1,0,1,1,0.7,0.6,0.1,NA,0.415759509453056,0.087720955185764,0.415759509453056,0.087720955185764,0.415759509453056,0.087720955185764,0.0802144040836904,0.556927077292351,0.165468482395535,0.444373257318394,0.213604342705643,0.177362030903093,0.50436316230436,0.117348394857954,0.181432925821368,0.444882989279835,0.224929736767729,0.267801960372661,0.42193,0.2705,0.256991943803575,NA,NA,NA,0.143,0.882,NA,0.549832392613611,0.129969829071748,NA,NA,33,3,0,769,68,0,0.0803721068954628,0.849995918379287,0.465184012637375,0.196332604970363,2.3693670886076,0.0178185582015746,-1.17635538274268,1.88752675284799,0.355585685052653,0.781602585609864,0.454944356120827,0.649149270906158,-0.48953919654509,1.21532367699503,0.362892240224968,0.43491399835207,0.8344,0.404055617255422,-0.172921805744783,0.986384948262496,0.406731571258856,0.295741518879408,1.37529411764706,0.169040279453814,NA,NA,4.73956888149034,4.73956888149034,5.18310288784642,4.73956888149034,4.73956888149034,5.18310288784642,3.36575926260733,NA,2.5054587786108,2.77988771895205,1.66123873275892,NA,1.641802438455
28,"jiang","\citet{Jiang2018}","Jiang_2018",2018,"AJPS","AP","Jiang (2018)",12,326,3891,1,0,"general","u+t+hu*t",1,1,0,0,0,0,0,1,1,1.1,0.25,0,NA,-0.748635424989923,0.200290917145786,-0.748635424989923,0.200290917145786,-0.755434686506987,0.201841128902891,0.199437740209056,-0.867668836178242,0.199007831249662,NA,NA,NA,NA,NA,NA,NA,NA,NA,NA,NA,NA,NA,NA,NA,0.508,0.626,0.504,-0.887818215242399,0.332666722103298,-0.871386151536975,0.221483122708753,326,36,2,3891,425,24,-1.7654998445988,0.156781839481747,-0.804359002558527,0.490377980632793,-1.64028368794326,0.100946195649582,-2.33809438879301,1.56100179310087,-0.388546297846068,0.994667393340274,-0.390629370629371,0.696071212579819,-1.95636469266354,0.756642790542343,-0.599860951060597,0.692093745715786,-0.866733668341709,0.386087953545327,-1.84729906519797,0.415812704712459,-0.715743180242757,0.5773244310996,-1.23975903614458,0.215064533865371,-1.47861699769332,0.42206097014867,-3.73774026130708,-3.73774026130708,-3.75372998212466,-3.73774026130708,-3.74271928924079,-3.78782213293792,-4.35997332732962,-3.9343230350009,NA,NA,NA,NA,NA
29,"kilborn","\citet{Kilborn2022}","Kilborn_Vishwanath_2022",2022,"AJPS","AP","Kilborn & Vishwanath (2022)",7,347,1062,1,0,"general","u+t",1,1,0,0,0,1,0,0,0,-2.1,0.3,0.1,NA,0.0700487574651725,0.0179966466465422,0.0700487574651725,0.0179966466465422,0.0688731310039696,0.018103100762816,0.014148051561286,0.117565943209352,0.0367056203373061,NA,NA,NA,NA,NA,NA,NA,NA,NA,NA,NA,NA,NA,NA,NA,0.837,0,0.654,0.157182199200157,0.0510860053144761,0.113155466590774,0.0795155645998233,347,29,32,1062,49,48,0.0345377089654229,0.489482702923751,0.262010205944587,0.116057396417941,2.25759162303665,0.0239711313985733,-0.401351997287845,0.641925004564239,0.120286503638197,0.266142092309205,0.451963470319635,0.651295298779448,-0.160778990011451,0.522829456407608,0.181025233198079,0.17438990980078,1.03804878048781,0.299247345396015,-0.0464472637810858,0.508537990628812,0.231045363423863,0.141577871022933,1.6319313304721,0.102693953016598,-0.20034059270472,0.188260862898399,3.89232276662116,3.89232276662116,4.95112398776171,3.89232276662116,3.80449360064526,4.86802940359863,3.20294118799739,1.42306059398873,NA,NA,NA,NA,NA
30,"kogan","\citet{Kogan2021}","Kogan_2021",2021,"JOP","AP","Kogan (2021)",8,3005,23610,0,1,"staggered","u+hu*t+u*tr",1,1,0,0,0,1,0,0,1,1.1,0.2,0,NA,0.901587401508971,0.271843527878876,0.901587401508971,0.271843527878876,0.90158740150897,0.271840727121224,0.261271403515265,0.447546182195713,0.430598963811432,NA,NA,NA,NA,NA,NA,NA,NA,NA,NA,NA,NA,NA,NA,NA,0.844,0.388,NA,0.659569006422,1.23045614336796,NA,NA,3005,0,1,23610,0,4,-0.221440293650581,2.14058950528895,0.959574605819187,0.602558622178453,1.5925,0.111272403106842,-0.959574605819189,3.27239545061415,1.15641042239748,1.07958419806973,1.07116279069767,0.284096239096884,-0.418276110228877,2.63267904673469,1.10720146825291,0.778304886980502,1.42258064516129,0.15485775804225,-0.270649247795156,2.33742532186725,1.03338803703605,0.665325145322042,1.55320754716981,0.120373558868885,NA,NA,3.31656747005832,3.31656747005832,3.45076954224076,3.31656747005832,3.31660164044116,3.45076954224076,1.03935731343678,NA,NA,NA,NA,NA,NA
31,"kroeger","\citet{kroeger2023motivated}","Kroeger_Silfa_2023",2023,"JOP","AP","Kroeger & Silfa (2023)",6,2835,17010,0,1,"block","u+t+ult",0,1,0,0,0,0,0,1,0,1.8,0.25,0.05,NA,0.0283502862604689,0.0100110383986854,0.0283502862604689,0.0100110383986854,0.0283502862604689,0.0100110383986854,0.00996310933908162,0.0283502862604668,0.00919915610093252,NA,NA,NA,NA,NA,NA,NA,NA,NA,NA,NA,NA,NA,NA,NA,0.291,0.168,NA,0.0375845310985407,0.0133775009971575,NA,NA,2835,1892,0,17010,11352,0,0.000779431525477714,0.0381921447484082,0.019485788136943,0.00954405949564553,2.04166666666667,0.0411846073972879,-0.0293585874596608,0.0636535745806804,0.0171474935605098,0.0237275923572299,0.722681564245809,0.46987554450168,-0.0106522308481955,0.0465060810201706,0.0179269250859875,0.0145812020072362,1.22945454545455,0.218901430195278,-0.00389715762738863,0.0413098708503191,0.0187063566114652,0.011532405223905,1.62206896551724,0.104788582280186,NA,NA,2.83190265898808,2.83190265898808,2.84552595937707,2.83190265898808,2.83190265898808,2.84552595937707,3.08183554550106,NA,NA,NA,NA,NA,NA
32,"kuipers","\citet{kuipers2023representational}","Kuipers_Sahn_2023",2023,"APSR","AP","Kuipers & Sahn (2023)",9,294,1604,1,0,"staggered","u+t",1,1,0,0,0,0,0,0,1,4.8,0.4,0,NA,0.051524673209995,0.0140919030069196,0.051524673209995,0.0140919030069196,0.0555690599984901,0.0143046440666806,0.0142659958104165,0.0458766424689857,0.0216738716575784,0.00277835152181172,0.0338237064465192,0.0366137954613299,-0.0266472530988482,0.0234943298981296,0.0341180602622959,-0.0229319775244625,0.0228057174855952,0.0257033422464891,0.04041,0.02106,0.0223417715712356,-0.0755468845010907,0.0302056941895614,0.0403882441429919,0.91,0.424,NA,-0.0206278028829035,0.0654046481086404,NA,NA,294,20,36,1604,91,130,-0.023023023023022,0.0620620620620631,0.0195195195195206,0.021705378848236,0.899294117647108,0.368496019776161,-0.125125125125124,0.130130130130131,0.00250250250250339,0.065116136544708,0.0384313725490332,0.96934374777452,-0.0570570570570563,0.0790790790790794,0.0110110110110115,0.0347286061571775,0.317058823529428,0.751198968215566,-0.0400400400400391,0.0620620620620631,0.011011011011012,0.0260464546178832,0.422745098039252,0.672481248109092,NA,NA,3.65633180874824,3.65633180874824,3.61171234694839,3.65633180874824,3.88468666116102,3.89521073305769,2.11667962207134,NA,0.0758826416875058,-0.78103071786576,-0.892178818791352,-1.87051668385538,1.80871959375087
33,"latura","\citet{latura2023corporate}","Latura_Weeks_2023",2023,"AJPS","CP","Latura & Weeks (2023)",10,90,761,0,1,"block","u+t",1,1,0,0,0,0,0,1,1,5.7,0.25,0.1,NA,0.0328103103748933,0.0097002246539801,0.0328103103748933,0.0097002246539801,0.0328103103748933,0.0097002246539801,0.0104403731982235,0.0300374640229028,0.0095423165773069,0.0250527234194163,0.00954986774645384,0.00927775947461377,0.0316685520150836,0.00949353555978913,0.00901835454642691,0.0349694916786005,0.012581204246771,0.0139690573463328,0.02787,0.01027,0.0110002100481316,0.0349838178585097,0.0125826399411397,0.0137931473517232,0.394,0.765,NA,0.0319748722486208,0.014020050313314,NA,NA,90,38,1,761,298,7,0.00660023040408453,0.0502191443789039,0.0284096873914942,0.0111272739731682,2.55315789473684,0.0106751090599606,-0.100725255297116,0.154101031608408,0.0266878881556461,0.0650067058432459,0.41054054054054,0.68140947078334,-0.0404622820424311,0.0938380583537233,0.0266878881556461,0.0342602909173863,0.778974358974359,0.435994819236224,-0.0123395611902449,0.0662892705801532,0.0269748546949541,0.0200583754516322,1.34481751824818,0.178684171566583,NA,NA,3.38242788649548,3.38242788649548,3.14263769617702,3.38242788649548,3.38242788649548,3.14263769617702,3.14781675702696,NA,2.70029886935167,3.51156653378977,2.50335372041268,2.53631872163963,2.53358798405252
34,"liao","\citet{liao2023effect}","Liao_2023",2023,"JOP","CP","Liao (2023)",26,384462,981096,0,1,"block","u+t",1,1,0,0,0,0,1,1,0,-0.9,0.25,1.5,NA,-0.0445576804811662,0.00627747272860413,-0.0445576804811662,0.00627747272860413,-0.0445576804804955,0.00627747265602292,NA,-0.0448398897700858,0.00598227564913496,-0.0269639673901654,0.00626198626035914,NA,-0.0445576804804955,0.00627747265602292,NA,-0.0321357055998162,0.00615828730196016,NA,NA,NA,NA,-0.0321357055998162,0.00615828730196016,NA,0,0,NA,-0.0476294823829745,0.00656367861334849,NA,NA,384462,384388,1,981096,979720,1,-0.040596192193497,-0.0164579157541204,-0.0285270539738087,0.00615772358147362,-4.63272727272727,3.60879814054194e-06,-0.0459602536244696,-0.0076803606852562,-0.0268203071548629,0.00976527881102383,-2.74649681528662,0.00602354708216857,-0.042546759986578,-0.0130444221162288,-0.0277955910514034,0.00752610659957887,-3.69322314049587,0.000221429562597519,-0.0413276551159024,-0.0149949899093097,-0.028161322512606,0.00671751663433486,-4.19222222222222,2.76235210399101e-05,NA,NA,-7.09802852318789,-7.09802852318789,NA,-7.09802852318789,-7.09802860514966,-7.09802860514966,-7.49545697991528,NA,-4.30597677303414,-7.09802860514966,-5.21828619291398,-5.21828619291398,NA
35,"magaloni","\citet{magaloni2020killing}","Magaloni_etal_2020",2020,"APSR","AP","Magaloni, Franco-Vivanco & Melo (2020)",138,286,36956,0,1,"staggered","u+t+u*tr",1,1,0,0,0,1,0,1,1,0,0,0,NA,-1.13447483058746,0.307845152567117,-1.13447483058746,0.307845152567117,-1.09448511373734,0.309244463903491,0.293521065800055,-2.27513388943186,0.960953987220022,NA,NA,NA,NA,NA,NA,NA,NA,NA,NA,NA,NA,NA,NA,NA,0.591,0.186,NA,-1.99459453223841,0.936958814990168,NA,NA,286,249,0,36956,32738,0,-2.85285285285285,0.950950950950954,-0.950950950950947,0.970358113215256,-0.979999999999996,0.327086118655386,-13.4634634634635,8.95895895895896,-2.25225225225225,5.72000572000572,-0.39375,0.693765622526294,-7.85785785785786,3.45345345345346,-2.2022022022022,2.88553859982432,-0.763185840707964,0.445352571884123,-5.25525525525525,1.85185185185185,-1.7017017017017,1.81303752732324,-0.938591549295773,0.347940493244204,NA,NA,-3.68521258537642,-3.68521258537642,-3.86505420827361,-3.68521258537642,-3.53922298210942,-3.72881282218735,-2.36757838532278,NA,NA,NA,NA,NA,NA
36,"marsh","\citet{marsh2023trauma}","Marsh_2023",2023,"APSR","CP","Marsh (2023)",9,2889,23952,1,0,"general","u+t",1,1,0,1,0,1,1,0,0,-1.1,0.25,0,NA,-0.0126404814376093,0.00330195124753963,-0.0126404814376093,0.00330195124753963,-0.0126404814376107,0.00330195124754002,0.00319128054209192,-0.0123519018252616,0.00339005852629918,NA,NA,NA,NA,NA,NA,NA,NA,NA,NA,NA,NA,NA,NA,NA,0,0,0,-0.0153897901167498,0.00409628431828578,-0.00694577005656941,0.00325740194986263,2889,2726,0,23952,22651,0,-0.00522251458431972,0.00668848359044454,0.00073298450306241,0.0030385199425419,0.241230769230767,0.809376264543042,-0.0215314197774585,0.0233638810351145,0.000916230628828021,0.0114528828603502,0.0800000000000002,0.936237255972025,-0.0125523596149439,0.0142015747468343,0.000824607565945212,0.00682498325555566,0.120821917808218,0.903832089380552,-0.00870419097386618,0.010170159979991,0.000732984503062417,0.00481488544741255,0.152233009708738,0.87900315938945,0.00054061748984054,0.00385569672117573,-3.82818536373852,-3.82818536373852,-3.96094334888006,-3.82818536373852,-3.82818536373848,-3.9609433488805,-3.64356595304736,-2.13230364673365,NA,NA,NA,NA,NA
37,"paglayan","\citet{Paglayan2022}","Paglayan_2022",2022,"APSR","AP","Paglayan (2022)",40,183,2882,0,1,"staggered","u+t",1,1,0,0,0,0,0,1,1,1.3,0.25,0.125,NA,6.28577422383233,1.78714407690097,6.28577422383233,1.78714407690097,6.28577422383233,1.78714407690097,1.88675400612384,6.44697123760089,2.0329473542145,5.96048677287318,0.919145633950192,2.55161147909586,6.39741220905634,1.6737653030075,1.90066400878683,8.71664128322027,2.2360995889257,2.357749820161,1.21208,0.45237,1.65318378714109,6.33968534286362,2.11131269674485,2.17819906555574,0.706,0.446,NA,6.65794788987311,2.14158560220323,NA,NA,40,16,0,2882,2147,0,1.59628069757764,9.53207616553506,5.56417843155635,2.02443761937689,2.74850574712644,0.00598675853640551,-17.7415197530772,27.3192039385431,4.78884209273292,11.4950825743929,0.416599190283401,0.676971601708027,-6.97802704941083,16.6469272747383,4.83445011266371,6.02677406228293,0.802162162162162,0.422459160722734,-2.05236089688554,11.9949092417977,4.97127417245608,3.58348728027634,1.38727272727273,0.165358616068403,NA,NA,3.51721738894846,3.51721738894846,3.33152822436342,3.51721738894846,3.51721738894846,3.33152822436342,3.17124357609935,NA,2.33596957127079,3.36588275438525,3.69701704934286,2.91051696932307,0.73317922025844
38,"paysona","\citet{Payson2020apsr}","Payson_2020_APSR",2020,"APSR","AP","Payson (2020a)",9,738,6307,0,1,"general","u+t",0,1,0,1,0,1,0,0,1,-1.25,0.3,0,NA,0.0394830928889155,0.0185622809834821,0.0394830928889155,0.0185622809834821,0.0396831294161753,0.0185718602358904,0.0192126515194677,0.0432446897280736,0.0199905291279156,NA,NA,NA,NA,NA,NA,NA,NA,NA,NA,NA,NA,NA,NA,NA,0.332,0.797,0.353,0.0499463117858975,0.0247924568366419,0.0306440361756898,0.020555605509401,738,548,17,6307,4677,148,-0.0255386184658454,0.0635495854847781,0.0190054835094663,0.0227265826404652,0.836266666666667,0.40300490105881,-0.169267587506185,0.197775812770384,0.0142541126320998,0.0936335204787166,0.152233009708738,0.87900315938945,-0.087306439871611,0.118190350574494,0.0154419553514414,0.0524226506240064,0.29456647398844,0.768325076208723,-0.0528590010107033,0.0861185971522694,0.0166297980707831,0.0354534689191257,0.469059829059829,0.639026871634506,0.0262059330028242,0.026862583437685,2.12706040405541,2.12706040405541,2.05505694250001,2.12706040405541,2.13673422652014,2.06546865100662,2.16325888381238,1.49078732619552,NA,NA,NA,NA,NA
39,"paysonb","\citet{Payson2020jop}","Payson_2020_JOP",2020,"JOP","CP","Payson (2020b)",13,467,5982,0,1,"general","u+t",1,1,1,0,0,1,1,1,1,-1.2,0.25,0,NA,8.68195864741062,3.7054647159866,8.68195864741062,3.7054647159866,8.69521761085413,3.72670231459876,3.42093230372849,13.0396413763087,7.462622003124,NA,NA,NA,NA,NA,NA,NA,NA,NA,NA,NA,NA,NA,NA,NA,0.884,0.775,0.64,9.9489939628416,5.49163523805993,10.1776354558072,5.17046127507774,467,194,60,5982,2475,773,-2.22227845695627,15.0330601499984,6.40539084652106,4.40187209361088,1.45515151515152,0.145627320176287,-18.4318389665197,31.7655097082574,6.66683537086885,12.8054460905044,0.520625000000001,0.60262803026121,-8.49694704130343,21.3077287343455,6.40539084652106,7.60323361623698,0.842456140350878,0.399532680050776,-4.57527917608645,17.1246163447808,6.27466858434716,5.53568763287429,1.13349397590362,0.25700686954757,6.73273669560164,7.3885039106315,2.34301479378654,2.34301479378654,2.53789256161197,2.34301479378654,2.3332203317641,2.54176839494227,1.74732706156764,1.96841924043888,NA,NA,NA,NA,NA
40,"Pierskalla","\citet{Pierskalla2018}","Pierskalla_Sacks_2018",2018,"JOP","CP","Pierskalla & Sacks (2018)",9,455,2524,1,0,"general","u+t",1,1,0,1,0,0,0,0,0,-1.9,0.25,0,NA,-0.136400308689479,0.0338488965874947,-0.136400308689479,0.0338488965874947,-0.136400308689479,0.0338488965874947,0.0320798713521544,-0.0722729596592379,0.0406686326204247,NA,NA,NA,NA,NA,NA,NA,NA,NA,NA,NA,NA,NA,NA,NA,0.002,0.294,0.658,0.0633560995027489,0.12616262164444,-0.0388873959323297,0.0737020444333162,455,110,6,2524,438,6,-0.307920283997208,0.173366882586663,-0.0672767007052724,0.122777338414253,-0.547956989247312,0.583721436138794,-0.4579990778782,0.276869499056313,-0.0905647894109436,0.187466473707784,-0.483098591549296,0.629025734076123,-0.370021853878998,0.219943059998006,-0.0750393969404961,0.150501253540052,-0.49859649122807,0.618063677512923,-0.338971068938103,0.199242536704076,-0.0698642661170137,0.137299389194433,-0.508846153846154,0.610860065382031,-0.453002357659455,0.229130128301821,-4.02968257286919,-4.02968257286919,-4.25189699772029,-4.02968257286919,-4.02968257286919,-4.25189699772029,-1.77711801460816,-0.527629813139228,NA,NA,NA,NA,NA
41,"ravanilla","\citet{Ravanilla2022}","Ravanilla_2022",2022,"JOP","CP","Ravanilla et al.(2022)",2,189,378,0,1,"2by2","u+t",1,1,0,0,0,0,NA,1,0,1.6,0.3,NA,NA,0.361467769530308,0.177846970172064,0.361467769530308,0.177846970172064,0.361467769530308,0.177846970172064,0.190737505435453,0.361467769530309,0.162544789148334,NA,NA,NA,NA,NA,NA,NA,NA,NA,NA,NA,NA,NA,NA,NA,NA,NA,NA,NA,NA,NA,NA,189,98,0,378,196,0,NA,NA,NA,NA,NA,NA,NA,NA,NA,NA,NA,NA,NA,NA,NA,NA,NA,NA,NA,NA,NA,NA,NA,NA,NA,NA,2.03246515350018,2.03246515350018,1.89510588756563,2.03246515350018,2.03246515350018,1.89510588756563,2.22380410608206,NA,NA,NA,NA,NA,NA
42,"sanford","\citet{sanford2023democratization}","Sanford_2023",2023,"AJPS","CP","Sanford (2023)",35,4633413,158423948,1,0,"general","u+t",1,1,0,0,0,0,1,0,0,0,0,0.1,"1/500 subsample",-1.10244628365215,0.00371991253878448,-1.0613105800079,0.0833954341267227,-0.740614008279848,0.0884348635216731,NA,-2.15959350591899,0.159540347810827,NA,NA,NA,NA,NA,NA,NA,NA,NA,NA,NA,NA,NA,NA,NA,0,0,0.019,-0.578387462325681,0.106797417674769,-2.19413787475498,0.159290062694306,9190,1507,3617,274194,45604,113534,-3.9039039039039,-3.3033033033033,-3.6036036036036,0.153214438928725,-23.52,0,-34.1341341341341,26.7267267267267,-3.7037037037037,15.5257298114441,-0.238552631578947,0.811452499213568,-18.9189189189189,11.5115115115115,-3.7037037037037,7.76286490572205,-0.477105263157894,0.633287167043967,-11.3113113113113,3.90390390390391,-3.7037037037037,3.88143245286102,-0.954210526315788,0.33997708742338,-3.61638341552197,0.190745264294589,-296.363495689173,-13.2195041035094,NA,-12.7262432424681,-8.3746836800211,-8.3746836800211,-13.5363469840225,-13.7744805773964,NA,NA,NA,NA,NA
43,"schafer","\citet{Schafer2021}","Schafer_2022",2022,"AJPS","CP","Schafer et al. (2022)",4,381256,1163307,0,1,"general","u+t+hu",0,1,0,0,0,0,0,1,1,0,0,NA,NA,-0.0303322741063097,0.00227746005926125,-0.0303322741063097,0.00214157646951683,-0.0303713040855298,0.00214194430434692,NA,-0.0233806685505046,0.0028610486024269,NA,NA,NA,NA,NA,NA,NA,NA,NA,NA,NA,NA,NA,NA,NA,0.056,0.974,0.924,-0.00784136936862015,0.00428633795664131,-0.0334171986031673,0.00320413950569687,381256,320916,23666,1163307,999924,37768,NA,NA,NA,NA,NA,NA,NA,NA,NA,NA,NA,NA,NA,NA,NA,NA,NA,NA,NA,NA,NA,NA,NA,NA,-0.051669193346589,0.00748723404118784,-13.3184658861367,-14.163526046377,NA,-14.163526046377,-14.1793155050266,-14.1793155050266,-8.17206269431136,-10.4293831600504,NA,NA,NA,NA,NA
44,"Schubiger","\citet{Schubiger2021}","Schubiger_2021",2021,"JOP","CP","Schubiger (2021)",2,11958,23916,0,1,"2by2","u+t",0,1,0,0,0,0,NA,0,0,-1.3,0.5,NA,NA,0.047281757906316,0.0100093276079238,0.047281757906316,0.0100093276079238,0.0472817579063182,0.010009327607924,0.00964666353537908,0.0472817579063184,0.00874905554381291,NA,NA,NA,NA,NA,NA,NA,NA,NA,NA,NA,NA,NA,NA,NA,NA,NA,NA,NA,NA,NA,NA,11958,11422,0,23916,22844,0,NA,NA,NA,NA,NA,NA,NA,NA,NA,NA,NA,NA,NA,NA,NA,NA,NA,NA,NA,NA,NA,NA,NA,NA,NA,NA,4.72376964351588,4.72376964351588,4.90135866488039,4.72376964351588,4.72376964351604,4.90135866488062,5.4042127941175,NA,NA,NA,NA,NA,NA
45,"Schuit","\citet{Schuit2017}","Schuit_Rogowski_2017",2017,"AJPS","AP","Schuit & Rogowski (2017)",5,261,902,1,0,"general","hu+t",1,1,0,0,0,0,0,0,0,-2,0.25,0.8,NA,-0.160980574116781,0.0383535896895469,-0.160980574116781,0.0383535896895469,-0.160980574116783,0.0383663600602141,0.0389417461577205,-0.161586662904093,0.0375079219141347,NA,NA,NA,NA,NA,NA,NA,NA,NA,NA,NA,NA,NA,NA,NA,0.956,0.616,0.534,-0.14647692378144,0.0385675775199841,-0.144035284236853,0.0424950303862248,261,214,23,902,761,23,-0.347918012449437,-0.0499825877040035,-0.19895030007672,0.0760039348840391,-2.61763157894737,0.00885423446857247,-0.455723593771797,0.00686035517505945,-0.224431619298369,0.118006109425219,-1.90186440677966,0.0571888834769498,-0.389080143499793,-0.0284214714395313,-0.208750807469662,0.0920047632806789,-2.26891304347826,0.0232736143712451,-0.36751902723532,-0.0382219788324732,-0.202870503033897,0.084004349082359,-2.415,0.0157352096893373,-0.136770246908858,0.0653405846427608,-4.19727528556879,-4.19727528556879,-4.1338817593023,-4.19727528556879,-4.19587820851735,-4.13388175930234,-4.30806759366745,-3.3894618483093,NA,NA,NA,NA,NA
46,"skorge","\citet{skorge2023mobilizing}","Skorge_2023",2023,"AJPS","CP","Skorge (2023)",7,569,3983,0,1,"general","u+t",1,1,0,0,0,1,1,1,0,0,0,NA,"treatment flipped; general bc reversal",-0.0918344753620112,0.00682061320503848,-0.0918344753620112,0.00682061320503848,-0.0918344753620112,0.00682061320503848,0.00676360006201871,-0.0938034266383898,0.0071516809660544,NA,NA,NA,NA,NA,NA,NA,NA,NA,NA,NA,NA,NA,NA,NA,NA,NA,0.047,NA,NA,-0.0986418440684968,0.00786659860628673,569,315,0,3983,2205,0,NA,NA,NA,NA,NA,NA,NA,NA,NA,NA,NA,NA,NA,NA,NA,NA,NA,NA,NA,NA,NA,NA,NA,NA,NA,NA,-13.4642549872454,-13.4642549872454,-13.5777506830588,-13.4642549872454,-13.4642549872454,-13.5777506830588,-13.116276730412,-12.5393259533625,NA,NA,NA,NA,NA
47,"trounstine","\citet{Trounstine2020}","Trounstine_2020",2020,"APSR","AP","Trounstine (2020)",43,4568,182809,1,0,"staggered","u+t",1,1,0,0,0,0,1,0,0,0,0.6,0.5,NA,-0.0506107083546869,0.00842368894003493,-0.0506107083546869,0.00842368894003493,-0.0506066897567524,0.00842375412153864,0.00820898953674337,-0.0578462489631281,0.0115836941056908,-0.0368112762331661,0.00779891248287686,NA,-0.0515500194462077,0.00835890748504371,NA,-0.0429699877596443,0.01032678874066,NA,-0.03709,0.00979,NA,-0.0435086240379984,0.0103688251897171,NA,0.079,0,NA,-0.0580584568763359,0.012094286256068,NA,NA,4568,4369,1,182809,174488,43,-0.0189189189189189,-0.00390390390390388,-0.0114114114114114,0.00383036097321813,-2.97919999999999,0.00289002074634892,-0.0321321321321321,0.00570570570570572,-0.0132132132132132,0.00965250965250965,-1.36888888888889,0.171034009461043,-0.0249249249249249,0.000300300300300316,-0.0123123123123123,0.00643500643500644,-1.91333333333333,0.0557053930239271,-0.0219219219219219,-0.0021021021021021,-0.012012012012012,0.00505607648464792,-2.37575757575757,0.0175129645465175,NA,NA,-6.00814069880375,-6.00814069880375,-6.16527870186139,-6.00814069880375,-6.00761715342053,-6.16478916561378,-4.99376523890676,NA,-4.72005248346975,-6.16707620444948,-4.16102128539313,-4.19609967782526,-3.78855975485189
48,"weschle","\citet{Weschle2021}","Weschle_2021",2021,"JOP","CP","Weschle (2021)",7,845,4714,1,0,"general","u+t",1,1,0,0,0,0,1,0,1,0,-0.05,0,NA,1.86732127878988,0.820475834799179,1.86732127878988,0.820475834799179,1.82591935065405,0.821463682768256,0.827601131571786,1.1067895295404,0.77184161372281,NA,NA,NA,NA,NA,NA,NA,NA,NA,NA,NA,NA,NA,NA,NA,0.005,0.794,0,2.0903184939564,1.30976058790327,1.2378057272393,0.766256289458075,845,791,12,4714,4361,75,-1.15270154024121,4.20580291709632,1.52655068842756,1.36696542279019,1.11674418604651,0.26410371934175,-4.57965206528267,6.69813057167193,1.05923925319463,2.87698536657005,0.368176795580111,0.712741411433861,-2.77271451571535,5.26504217029096,1.2461638272878,2.05044813418528,0.607751937984497,0.543352010131423,-1.90039983661389,4.70426844801144,1.40193430569878,1.68486435832279,0.832075471698114,0.405366345839752,1.22786893762632,0.824409703383404,2.27590039778189,2.27590039778189,2.25630585502396,2.27590039778189,2.22276332959831,2.2062794273689,1.433959389935,1.61539388879238,NA,NA,NA,NA,NA
49,"zhang","\citet{Zhang2021jop}","Zhang_etal_2021",2021,"JOP","CP","Zhang et al. (2021)",3,61,166,0,1,"general","u+t",1,1,0,0,0,0,0,0,0,-1.5,0.25,NA,NA,0.109830952151674,0.0610153777062792,0.109830952151674,0.0610153777062792,0.109830952151674,0.0610153777062792,0.0602478503825607,0.107376031266694,0.0584801263361726,NA,NA,NA,NA,NA,NA,NA,NA,NA,NA,NA,NA,NA,NA,NA,NA,NA,0.391,0.14755750174066,0.0352715862913561,0.112285498610938,0.0635025389130245,61,26,0,166,63,0,NA,NA,NA,NA,NA,NA,NA,NA,NA,NA,NA,NA,NA,NA,NA,NA,NA,NA,NA,NA,NA,NA,NA,NA,0.112285498610938,0.0572579029282274,1.80005363042063,1.80005363042063,1.82298540867884,1.80005363042063,1.80005363042063,1.82298540867884,1.83611147912785,1.768204870749,NA,NA,NA,NA,NA
