"w.weights","unit.names","unit.numbers"
0,"Alabama",1
0,"Arkansas",2
0.175,"Colorado",4
0.062,"Connecticut",5
0,"Delaware",6
0,"Georgia",7
0.001,"Idaho",8
0,"Illinois",9
0,"Indiana",10
0,"Iowa",11
0,"Kansas",12
0,"Kentucky",13
0,"Louisiana",14
0,"Maine",15
0,"Minnesota",16
0,"Mississippi",17
0,"Missouri",18
0.182,"Montana",19
0,"Nebraska",20
0.236,"Nevada",21
0,"New Hampshire",22
0,"New Mexico",23
0,"North Carolina",24
0,"North Dakota",25
0,"Ohio",26
0,"Oklahoma",27
0,"Pennsylvania",28
0,"Rhode Island",29
0,"South Carolina",30
0,"South Dakota",31
0,"Tennessee",32
0,"Texas",33
0.343,"Utah",34
0,"Vermont",35
0,"Virginia",36
0,"West Virginia",37
0,"Wisconsin",38
0,"Wyoming",39
