"state","weight"
"Alabama",0
"Arkansas",0.00344182917250892
"Colorado",0.0575127871918102
"Connecticut",0.0782872886475367
"Delaware",0.0703681227559163
"Georgia",0.0015884107152421
"Idaho",0.0314682102029316
"Illinois",0.053387822433376
"Indiana",0.0101354850605063
"Iowa",0.0259386287004433
"Kansas",0.0216051711084879
"Kentucky",0
"Louisiana",0
"Maine",0.0282110161333833
"Minnesota",0.0394946443155203
"Mississippi",0
"Missouri",0.0078025038790539
"Montana",0.0451352077618467
"Nebraska",0.047853191280496
"Nevada",0.124489228213076
"New Hampshire",0.105047578521519
"New Mexico",0.0405682678900699
"North Carolina",0.0328051804148714
"North Dakota",0
"Ohio",0.0314607672888877
"Oklahoma",0
"Pennsylvania",0.0153521489514434
"Rhode Island",0.00104158795979974
"South Carolina",0
"South Dakota",0.00408709293965217
"Tennessee",0
"Texas",0.00977753003926118
"Utah",0.0415176579813317
"Vermont",0
"Virginia",0
"West Virginia",0.0335691132273773
"Wisconsin",0.0366670850823095
"Wyoming",0.00138644213134114
