"state","year","gap","pre_mspe","post_mspe"
"Alabama",1970,-6.16646269796388,6.58282025788437,9.21332507972596
"Alabama",1971,-5.63288886012545,6.58282025788437,9.21332507972596
"Alabama",1972,-2.77655234620326,6.58282025788437,9.21332507972596
"Alabama",1973,-2.86736520610722,6.58282025788437,9.21332507972596
"Alabama",1974,-0.533821900883623,6.58282025788437,9.21332507972596
"Alabama",1975,-0.0392895846768511,6.58282025788437,9.21332507972596
"Alabama",1976,0.490102635150009,6.58282025788437,9.21332507972596
"Alabama",1977,-1.01110879423833,6.58282025788437,9.21332507972596
"Alabama",1978,1.78472341500704,6.58282025788437,9.21332507972596
"Alabama",1979,0.906034742315043,6.58282025788437,9.21332507972596
"Alabama",1980,-0.0918395371417802,6.58282025788437,9.21332507972596
"Alabama",1981,-2.29915320914125,6.58282025788437,9.21332507972596
"Alabama",1982,-2.26235717352611,6.58282025788437,9.21332507972596
"Alabama",1983,-3.29172397771791,6.58282025788437,9.21332507972596
"Alabama",1984,-2.11723933809417,6.58282025788437,9.21332507972596
"Alabama",1985,-2.46046683743384,6.58282025788437,9.21332507972596
"Alabama",1986,-0.114853473452683,6.58282025788437,9.21332507972596
"Alabama",1987,-1.20796887274368,6.58282025788437,9.21332507972596
"Alabama",1988,0.758581326229589,6.58282025788437,9.21332507972596
"Alabama",1989,-4.11796731228972,6.58282025788437,9.21332507972596
"Alabama",1990,3.25295311938453,6.58282025788437,9.21332507972596
"Alabama",1991,1.0328836602299,6.58282025788437,9.21332507972596
"Alabama",1992,-1.62166312703251,6.58282025788437,9.21332507972596
"Alabama",1993,2.58251856806032,6.58282025788437,9.21332507972596
"Alabama",1994,3.87320874036344,6.58282025788437,9.21332507972596
"Alabama",1995,-3.92224493641858,6.58282025788437,9.21332507972596
"Alabama",1996,-2.51030225744822,6.58282025788437,9.21332507972596
"Alabama",1997,1.52826083165627,6.58282025788437,9.21332507972596
"Alabama",1998,4.26575634105285,6.58282025788437,9.21332507972596
"Alabama",1999,2.18814495220671,6.58282025788437,9.21332507972596
"Alabama",2000,3.26295796679557,6.58282025788437,9.21332507972596
"Arkansas",1970,3.05452858357725,4.56173711441181,28.7987773039601
"Arkansas",1971,0.593818847865862,4.56173711441181,28.7987773039601
"Arkansas",1972,-4.97368867710338,4.56173711441181,28.7987773039601
"Arkansas",1973,-0.187517376000798,4.56173711441181,28.7987773039601
"Arkansas",1974,-3.67587899035382,4.56173711441181,28.7987773039601
"Arkansas",1975,-1.42113984394874,4.56173711441181,28.7987773039601
"Arkansas",1976,-1.51326101511262,4.56173711441181,28.7987773039601
"Arkansas",1977,-0.326122926304365,4.56173711441181,28.7987773039601
"Arkansas",1978,0.770823566667531,4.56173711441181,28.7987773039601
"Arkansas",1979,0.539016417648924,4.56173711441181,28.7987773039601
"Arkansas",1980,3.11328925384558,4.56173711441181,28.7987773039601
"Arkansas",1981,1.86541272958426,4.56173711441181,28.7987773039601
"Arkansas",1982,-0.978341973317086,4.56173711441181,28.7987773039601
"Arkansas",1983,2.25361172660475,4.56173711441181,28.7987773039601
"Arkansas",1984,1.29442218822815,4.56173711441181,28.7987773039601
"Arkansas",1985,1.17667835364649,4.56173711441181,28.7987773039601
"Arkansas",1986,0.779518952562185,4.56173711441181,28.7987773039601
"Arkansas",1987,-3.21396648994721,4.56173711441181,28.7987773039601
"Arkansas",1988,0.446279634982986,4.56173711441181,28.7987773039601
"Arkansas",1989,-0.365431988081426,4.56173711441181,28.7987773039601
"Arkansas",1990,-4.14822383847387,4.56173711441181,28.7987773039601
"Arkansas",1991,0.596601692105196,4.56173711441181,28.7987773039601
"Arkansas",1992,9.22366205600076,4.56173711441181,28.7987773039601
"Arkansas",1993,-2.6673230392577,4.56173711441181,28.7987773039601
"Arkansas",1994,-6.36820545516485,4.56173711441181,28.7987773039601
"Arkansas",1995,-5.62326794237134,4.56173711441181,28.7987773039601
"Arkansas",1996,-3.31252489996322,4.56173711441181,28.7987773039601
"Arkansas",1997,-6.10512075064922,4.56173711441181,28.7987773039601
"Arkansas",1998,-6.23348527824658,4.56173711441181,28.7987773039601
"Arkansas",1999,-6.52915300581878,4.56173711441181,28.7987773039601
"Arkansas",2000,-5.8129903875848,4.56173711441181,28.7987773039601
"California",1970,6.11343572827263,3.20907826377428,386.670394598409
"California",1971,2.34028205368799,3.20907826377428,386.670394598409
"California",1972,-0.626211650114115,3.20907826377428,386.670394598409
"California",1973,-1.00948264437586,3.20907826377428,386.670394598409
"California",1974,-0.132385605603503,3.20907826377428,386.670394598409
"California",1975,0.203161760359066,3.20907826377428,386.670394598409
"California",1976,0.295948336485168,3.20907826377428,386.670394598409
"California",1977,0.918696171548234,3.20907826377428,386.670394598409
"California",1978,1.4059879772183,3.20907826377428,386.670394598409
"California",1979,-0.885487809548252,3.20907826377428,386.670394598409
"California",1980,-0.0482871624576262,3.20907826377428,386.670394598409
"California",1981,-1.4686743299724,3.20907826377428,386.670394598409
"California",1982,-1.24125224812116,3.20907826377428,386.670394598409
"California",1983,-0.335784751663255,3.20907826377428,386.670394598409
"California",1984,1.66263752548805,3.20907826377428,386.670394598409
"California",1985,-0.233428981603183,3.20907826377428,386.670394598409
"California",1986,0.00864760222357575,3.20907826377428,386.670394598409
"California",1987,-2.13392564564153,3.20907826377428,386.670394598409
"California",1988,-1.33177856568375,3.20907826377428,386.670394598409
"California",1989,-7.32869863535136,3.20907826377428,386.670394598409
"California",1990,-9.4668578416024,3.20907826377428,386.670394598409
"California",1991,-13.3201213121636,3.20907826377428,386.670394598409
"California",1992,-13.8788993815744,3.20907826377428,386.670394598409
"California",1993,-17.6095271202399,3.20907826377428,386.670394598409
"California",1994,-21.9226877172327,3.20907826377428,386.670394598409
"California",1995,-21.738911242848,3.20907826377428,386.670394598409
"California",1996,-22.6821365797443,3.20907826377428,386.670394598409
"California",1997,-23.5808700186537,3.20907826377428,386.670394598409
"California",1998,-21.6335081233922,3.20907826377428,386.670394598409
"California",1999,-26.0369332261773,3.20907826377428,386.670394598409
"California",2000,-25.434558653672,3.20907826377428,386.670394598409
"Colorado",1970,3.15748008083669,17.1786088313275,35.9758889598158
"Colorado",1971,3.12105187077309,17.1786088313275,35.9758889598158
"Colorado",1972,6.69942151671712,17.1786088313275,35.9758889598158
"Colorado",1973,9.09385599206186,17.1786088313275,35.9758889598158
"Colorado",1974,0.707282339181859,17.1786088313275,35.9758889598158
"Colorado",1975,-3.97598017943702,17.1786088313275,35.9758889598158
"Colorado",1976,-2.57625389139312,17.1786088313275,35.9758889598158
"Colorado",1977,-4.2762794971153,17.1786088313275,35.9758889598158
"Colorado",1978,-6.6291462734431,17.1786088313275,35.9758889598158
"Colorado",1979,-0.992620156036395,17.1786088313275,35.9758889598158
"Colorado",1980,0.692172876660379,17.1786088313275,35.9758889598158
"Colorado",1981,3.68787694121247,17.1786088313275,35.9758889598158
"Colorado",1982,2.71892714484088,17.1786088313275,35.9758889598158
"Colorado",1983,4.02940896538372,17.1786088313275,35.9758889598158
"Colorado",1984,4.98106177017972,17.1786088313275,35.9758889598158
"Colorado",1985,0.846379893786008,17.1786088313275,35.9758889598158
"Colorado",1986,0.978230947511207,17.1786088313275,35.9758889598158
"Colorado",1987,-1.94775353459515,17.1786088313275,35.9758889598158
"Colorado",1988,-4.99529867999033,17.1786088313275,35.9758889598158
"Colorado",1989,-5.28543661399651,17.1786088313275,35.9758889598158
"Colorado",1990,-1.82239849022424,17.1786088313275,35.9758889598158
"Colorado",1991,6.13925435947513,17.1786088313275,35.9758889598158
"Colorado",1992,3.96789523312471,17.1786088313275,35.9758889598158
"Colorado",1993,7.15101484914724,17.1786088313275,35.9758889598158
"Colorado",1994,8.97735353879197,17.1786088313275,35.9758889598158
"Colorado",1995,5.28985634607002,17.1786088313275,35.9758889598158
"Colorado",1996,5.53318138489686,17.1786088313275,35.9758889598158
"Colorado",1997,3.24884437767489,17.1786088313275,35.9758889598158
"Colorado",1998,4.95157521242797,17.1786088313275,35.9758889598158
"Colorado",1999,7.65103273834367,17.1786088313275,35.9758889598158
"Colorado",2000,7.94223515248419,17.1786088313275,35.9758889598158
"Connecticut",1970,12.2827628926095,23.4063024831226,177.708510446208
"Connecticut",1971,2.8415170406092,23.4063024831226,177.708510446208
"Connecticut",1972,7.06498794055736,23.4063024831226,177.708510446208
"Connecticut",1973,-0.783299422943259,23.4063024831226,177.708510446208
"Connecticut",1974,-1.3157913335581,23.4063024831226,177.708510446208
"Connecticut",1975,-5.21982308164083,23.4063024831226,177.708510446208
"Connecticut",1976,-7.65531434815807,23.4063024831226,177.708510446208
"Connecticut",1977,-5.49485102998059,23.4063024831226,177.708510446208
"Connecticut",1978,-5.65479427729173,23.4063024831226,177.708510446208
"Connecticut",1979,-2.17316359483554,23.4063024831226,177.708510446208
"Connecticut",1980,-1.24117598444295,23.4063024831226,177.708510446208
"Connecticut",1981,-4.29958975066189,23.4063024831226,177.708510446208
"Connecticut",1982,-4.83409829658699,23.4063024831226,177.708510446208
"Connecticut",1983,0.0623603223131113,23.4063024831226,177.708510446208
"Connecticut",1984,1.33140894351889,23.4063024831226,177.708510446208
"Connecticut",1985,-0.693491835585093,23.4063024831226,177.708510446208
"Connecticut",1986,1.58682363780896,23.4063024831226,177.708510446208
"Connecticut",1987,0.635487148094981,23.4063024831226,177.708510446208
"Connecticut",1988,5.67471660751973,23.4063024831226,177.708510446208
"Connecticut",1989,4.38027140162903,23.4063024831226,177.708510446208
"Connecticut",1990,-3.68924940139981,23.4063024831226,177.708510446208
"Connecticut",1991,-4.15677402549213,23.4063024831226,177.708510446208
"Connecticut",1992,-5.02379002477873,23.4063024831226,177.708510446208
"Connecticut",1993,-12.3494811818081,23.4063024831226,177.708510446208
"Connecticut",1994,-13.7683713376431,23.4063024831226,177.708510446208
"Connecticut",1995,-15.2189585253485,23.4063024831226,177.708510446208
"Connecticut",1996,-16.0854577997757,23.4063024831226,177.708510446208
"Connecticut",1997,-18.3844314715857,23.4063024831226,177.708510446208
"Connecticut",1998,-18.2194541435968,23.4063024831226,177.708510446208
"Connecticut",1999,-17.9199497211061,23.4063024831226,177.708510446208
"Connecticut",2000,-15.2869465995674,23.4063024831226,177.708510446208
"Delaware",1970,8.42709650350363,39.8473642838642,429.076577138437
"Delaware",1971,11.3484379275773,39.8473642838642,429.076577138437
"Delaware",1972,3.90295748764458,39.8473642838642,429.076577138437
"Delaware",1973,7.05424008735349,39.8473642838642,429.076577138437
"Delaware",1974,3.49115829205007,39.8473642838642,429.076577138437
"Delaware",1975,-0.157786354043452,39.8473642838642,429.076577138437
"Delaware",1976,-0.916734227148055,39.8473642838642,429.076577138437
"Delaware",1977,-0.563917871210862,39.8473642838642,429.076577138437
"Delaware",1978,1.88069946148258,39.8473642838642,429.076577138437
"Delaware",1979,-0.245040324943915,39.8473642838642,429.076577138437
"Delaware",1980,0.0367802127118466,39.8473642838642,429.076577138437
"Delaware",1981,3.02921938333571,39.8473642838642,429.076577138437
"Delaware",1982,6.09699743915138,39.8473642838642,429.076577138437
"Delaware",1983,5.9841711984833,39.8473642838642,429.076577138437
"Delaware",1984,5.76626039606043,39.8473642838642,429.076577138437
"Delaware",1985,9.43792240368859,39.8473642838642,429.076577138437
"Delaware",1986,9.39934957166139,39.8473642838642,429.076577138437
"Delaware",1987,8.94891582794381,39.8473642838642,429.076577138437
"Delaware",1988,10.1201170195123,39.8473642838642,429.076577138437
"Delaware",1989,9.32327034551876,39.8473642838642,429.076577138437
"Delaware",1990,13.1129287968049,39.8473642838642,429.076577138437
"Delaware",1991,8.0328194910177,39.8473642838642,429.076577138437
"Delaware",1992,10.5286543365037,39.8473642838642,429.076577138437
"Delaware",1993,16.3465430414122,39.8473642838642,429.076577138437
"Delaware",1994,18.4624043826358,39.8473642838642,429.076577138437
"Delaware",1995,16.5626266834955,39.8473642838642,429.076577138437
"Delaware",1996,20.5002849762887,39.8473642838642,429.076577138437
"Delaware",1997,12.7837379704673,39.8473642838642,429.076577138437
"Delaware",1998,22.9488825086687,39.8473642838642,429.076577138437
"Delaware",1999,32.2312677357492,39.8473642838642,429.076577138437
"Delaware",2000,41.0254309724626,39.8473642838642,429.076577138437
"Georgia",1970,0.380916350529176,1.73487439198047,121.688445949515
"Georgia",1971,-0.0692927557640672,1.73487439198047,121.688445949515
"Georgia",1972,-1.40569766476175,1.73487439198047,121.688445949515
"Georgia",1973,1.44903989784012,1.73487439198047,121.688445949515
"Georgia",1974,1.64127178960224,1.73487439198047,121.688445949515
"Georgia",1975,-0.376955250121597,1.73487439198047,121.688445949515
"Georgia",1976,-1.7131788730257,1.73487439198047,121.688445949515
"Georgia",1977,-1.89645530716935,1.73487439198047,121.688445949515
"Georgia",1978,-1.97251673313886,1.73487439198047,121.688445949515
"Georgia",1979,-0.0629907583253839,1.73487439198047,121.688445949515
"Georgia",1980,0.360228701412694,1.73487439198047,121.688445949515
"Georgia",1981,-0.696817400469769,1.73487439198047,121.688445949515
"Georgia",1982,-2.39552441149868,1.73487439198047,121.688445949515
"Georgia",1983,-1.6545565816009,1.73487439198047,121.688445949515
"Georgia",1984,-0.132337690287173,1.73487439198047,121.688445949515
"Georgia",1985,1.28888716679882,1.73487439198047,121.688445949515
"Georgia",1986,1.49908220988164,1.73487439198047,121.688445949515
"Georgia",1987,1.55861457296288,1.73487439198047,121.688445949515
"Georgia",1988,0.167764624849525,1.73487439198047,121.688445949515
"Georgia",1989,-4.76196085729926,1.73487439198047,121.688445949515
"Georgia",1990,-4.50672379813382,1.73487439198047,121.688445949515
"Georgia",1991,-7.53771391474119,1.73487439198047,121.688445949515
"Georgia",1992,-5.85295753890048,1.73487439198047,121.688445949515
"Georgia",1993,-5.49791110976145,1.73487439198047,121.688445949515
"Georgia",1994,-5.25711196811928,1.73487439198047,121.688445949515
"Georgia",1995,-15.9697877435756,1.73487439198047,121.688445949515
"Georgia",1996,-8.41491205034066,1.73487439198047,121.688445949515
"Georgia",1997,-15.1599928692213,1.73487439198047,121.688445949515
"Georgia",1998,-15.9881316268233,1.73487439198047,121.688445949515
"Georgia",1999,-13.3273821449721,1.73487439198047,121.688445949515
"Georgia",2000,-16.7160494144644,1.73487439198047,121.688445949515
"Idaho",1970,-1.21973924305023,6.14565966351821,40.5740124248621
"Idaho",1971,-0.686476403529127,6.14565966351821,40.5740124248621
"Idaho",1972,7.8815089627571,6.14565966351821,40.5740124248621
"Idaho",1973,1.39899115691716,6.14565966351821,40.5740124248621
"Idaho",1974,3.00279424065759,6.14565966351821,40.5740124248621
"Idaho",1975,0.145923107498902,6.14565966351821,40.5740124248621
"Idaho",1976,-0.344813144170388,6.14565966351821,40.5740124248621
"Idaho",1977,1.17541680625385,6.14565966351821,40.5740124248621
"Idaho",1978,0.363198804424343,6.14565966351821,40.5740124248621
"Idaho",1979,-0.618944525489752,6.14565966351821,40.5740124248621
"Idaho",1980,-0.039782332855637,6.14565966351821,40.5740124248621
"Idaho",1981,-0.333924430819465,6.14565966351821,40.5740124248621
"Idaho",1982,-1.65846848972295,6.14565966351821,40.5740124248621
"Idaho",1983,5.02407862776806,6.14565966351821,40.5740124248621
"Idaho",1984,1.67631131401353,6.14565966351821,40.5740124248621
"Idaho",1985,1.86651123628489,6.14565966351821,40.5740124248621
"Idaho",1986,1.21048502870782,6.14565966351821,40.5740124248621
"Idaho",1987,1.18779918712417,6.14565966351821,40.5740124248621
"Idaho",1988,-1.55067410883412,6.14565966351821,40.5740124248621
"Idaho",1989,-6.7512060645158,6.14565966351821,40.5740124248621
"Idaho",1990,8.19135712067107,6.14565966351821,40.5740124248621
"Idaho",1991,4.24779878938794,6.14565966351821,40.5740124248621
"Idaho",1992,2.78859592612257,6.14565966351821,40.5740124248621
"Idaho",1993,3.85536103231773,6.14565966351821,40.5740124248621
"Idaho",1994,12.7921423428975,6.14565966351821,40.5740124248621
"Idaho",1995,-3.70423660470388,6.14565966351821,40.5740124248621
"Idaho",1996,-8.80410279631792,6.14565966351821,40.5740124248621
"Idaho",1997,-8.43966861216488,6.14565966351821,40.5740124248621
"Idaho",1998,1.35720797660058,6.14565966351821,40.5740124248621
"Idaho",1999,1.77141488542638,6.14565966351821,40.5740124248621
"Idaho",2000,-1.56420355026515,6.14565966351821,40.5740124248621
"Illinois",1970,-1.69243309973146,5.92292110431152,30.1514744710468
"Illinois",1971,-1.72241643748907,5.92292110431152,30.1514744710468
"Illinois",1972,-3.59442033951622,5.92292110431152,30.1514744710468
"Illinois",1973,-6.64971697562235,5.92292110431152,30.1514744710468
"Illinois",1974,-0.280883267122647,5.92292110431152,30.1514744710468
"Illinois",1975,-0.268505417480014,5.92292110431152,30.1514744710468
"Illinois",1976,-1.36316986148879,5.92292110431152,30.1514744710468
"Illinois",1977,-1.65328854940435,5.92292110431152,30.1514744710468
"Illinois",1978,1.7860639909911,5.92292110431152,30.1514744710468
"Illinois",1979,1.68783525257925,5.92292110431152,30.1514744710468
"Illinois",1980,1.9149340001216,5.92292110431152,30.1514744710468
"Illinois",1981,-0.168754509123829,5.92292110431152,30.1514744710468
"Illinois",1982,-0.227077620239129,5.92292110431152,30.1514744710468
"Illinois",1983,0.499567834564672,5.92292110431152,30.1514744710468
"Illinois",1984,2.72099956785677,5.92292110431152,30.1514744710468
"Illinois",1985,3.09162641018476,5.92292110431152,30.1514744710468
"Illinois",1986,2.08492869693578,5.92292110431152,30.1514744710468
"Illinois",1987,-3.66992507206585,5.92292110431152,30.1514744710468
"Illinois",1988,0.102997522737112,5.92292110431152,30.1514744710468
"Illinois",1989,2.04732013484518,5.92292110431152,30.1514744710468
"Illinois",1990,-3.14180991153927,5.92292110431152,30.1514744710468
"Illinois",1991,2.45597944192667,5.92292110431152,30.1514744710468
"Illinois",1992,3.20343843608526,5.92292110431152,30.1514744710468
"Illinois",1993,4.66914487569109,5.92292110431152,30.1514744710468
"Illinois",1994,-3.14613526073134,5.92292110431152,30.1514744710468
"Illinois",1995,-4.27082608629705,5.92292110431152,30.1514744710468
"Illinois",1996,-4.41832995830131,5.92292110431152,30.1514744710468
"Illinois",1997,-6.65978354056986,5.92292110431152,30.1514744710468
"Illinois",1998,-5.54388013212626,5.92292110431152,30.1514744710468
"Illinois",1999,-11.0381756986163,5.92292110431152,30.1514744710468
"Illinois",2000,-8.06672356386633,5.92292110431152,30.1514744710468
"Indiana",1970,3.53094765886325,14.5739132441336,471.318319350986
"Indiana",1971,3.00494865854355,14.5739132441336,471.318319350986
"Indiana",1972,0.198622263290332,14.5739132441336,471.318319350986
"Indiana",1973,1.01888383225801,14.5739132441336,471.318319350986
"Indiana",1974,0.707312074052709,14.5739132441336,471.318319350986
"Indiana",1975,0.419589038879877,14.5739132441336,471.318319350986
"Indiana",1976,1.66515063181481,14.5739132441336,471.318319350986
"Indiana",1977,10.8455472879288,14.5739132441336,471.318319350986
"Indiana",1978,-7.59075018929835,14.5739132441336,471.318319350986
"Indiana",1979,-5.03143481520144,14.5739132441336,471.318319350986
"Indiana",1980,-5.03873705188229,14.5739132441336,471.318319350986
"Indiana",1981,-1.63270622589448,14.5739132441336,471.318319350986
"Indiana",1982,-0.794153387875355,14.5739132441336,471.318319350986
"Indiana",1983,0.646817622233641,14.5739132441336,471.318319350986
"Indiana",1984,0.675215119706451,14.5739132441336,471.318319350986
"Indiana",1985,0.476268958585734,14.5739132441336,471.318319350986
"Indiana",1986,1.96764288231475,14.5739132441336,471.318319350986
"Indiana",1987,2.96875185433575,14.5739132441336,471.318319350986
"Indiana",1988,2.80145838638515,14.5739132441336,471.318319350986
"Indiana",1989,9.18808564679759,14.5739132441336,471.318319350986
"Indiana",1990,11.8599338270598,14.5739132441336,471.318319350986
"Indiana",1991,13.7930417955155,14.5739132441336,471.318319350986
"Indiana",1992,16.9301812316632,14.5739132441336,471.318319350986
"Indiana",1993,15.7303334526975,14.5739132441336,471.318319350986
"Indiana",1994,22.7101404824455,14.5739132441336,471.318319350986
"Indiana",1995,24.8061210502235,14.5739132441336,471.318319350986
"Indiana",1996,25.6820466081853,14.5739132441336,471.318319350986
"Indiana",1997,25.252987540513,14.5739132441336,471.318319350986
"Indiana",1998,26.7006952347704,14.5739132441336,471.318319350986
"Indiana",1999,29.4327836221643,14.5739132441336,471.318319350986
"Indiana",2000,26.4353467381752,14.5739132441336,471.318319350986
"Iowa",1970,0.879021247466227,13.0369016612316,41.7365207659338
"Iowa",1971,-2.43425358396956,13.0369016612316,41.7365207659338
"Iowa",1972,-3.78386238837075,13.0369016612316,41.7365207659338
"Iowa",1973,-4.78367042808958,13.0369016612316,41.7365207659338
"Iowa",1974,-2.70968015583617,13.0369016612316,41.7365207659338
"Iowa",1975,0.000960339672118948,13.0369016612316,41.7365207659338
"Iowa",1976,-0.0174144354841985,13.0369016612316,41.7365207659338
"Iowa",1977,0.436676342197487,13.0369016612316,41.7365207659338
"Iowa",1978,1.39303801741563,13.0369016612316,41.7365207659338
"Iowa",1979,-0.0528664918712423,13.0369016612316,41.7365207659338
"Iowa",1980,0.00369448170481235,13.0369016612316,41.7365207659338
"Iowa",1981,8.22597325100158,13.0369016612316,41.7365207659338
"Iowa",1982,-7.49577208893233,13.0369016612316,41.7365207659338
"Iowa",1983,-3.33359244114355,13.0369016612316,41.7365207659338
"Iowa",1984,-1.64217619700699,13.0369016612316,41.7365207659338
"Iowa",1985,-2.30253141020512,13.0369016612316,41.7365207659338
"Iowa",1986,-4.84043154291771,13.0369016612316,41.7365207659338
"Iowa",1987,-5.28492264869858,13.0369016612316,41.7365207659338
"Iowa",1988,-0.0193076918871071,13.0369016612316,41.7365207659338
"Iowa",1989,-2.81696224193314,13.0369016612316,41.7365207659338
"Iowa",1990,2.85373532531709,13.0369016612316,41.7365207659338
"Iowa",1991,6.52361694560284,13.0369016612316,41.7365207659338
"Iowa",1992,5.93458101637724,13.0369016612316,41.7365207659338
"Iowa",1993,3.05752466540518,13.0369016612316,41.7365207659338
"Iowa",1994,4.5584369874381,13.0369016612316,41.7365207659338
"Iowa",1995,4.41593365841638,13.0369016612316,41.7365207659338
"Iowa",1996,6.91847125538108,13.0369016612316,41.7365207659338
"Iowa",1997,6.85748645943852,13.0369016612316,41.7365207659338
"Iowa",1998,8.62116070889692,13.0369016612316,41.7365207659338
"Iowa",1999,9.30526055987393,13.0369016612316,41.7365207659338
"Iowa",2000,10.0772720359547,13.0369016612316,41.7365207659338
"Kansas",1970,5.01310690080327,14.5701198109083,8.84028368584471
"Kansas",1971,-9.35804525284702,14.5701198109083,8.84028368584471
"Kansas",1972,-4.57106508925929,14.5701198109083,8.84028368584471
"Kansas",1973,-2.60271118672746,14.5701198109083,8.84028368584471
"Kansas",1974,-3.64969150064813,14.5701198109083,8.84028368584471
"Kansas",1975,-0.0689061902704964,14.5701198109083,8.84028368584471
"Kansas",1976,0.000256343237836631,14.5701198109083,8.84028368584471
"Kansas",1977,-0.962113286167593,14.5701198109083,8.84028368584471
"Kansas",1978,-2.55806326170641,14.5701198109083,8.84028368584471
"Kansas",1979,-1.60040739637064,14.5701198109083,8.84028368584471
"Kansas",1980,0.0659166920105179,14.5701198109083,8.84028368584471
"Kansas",1981,4.07537882133501,14.5701198109083,8.84028368584471
"Kansas",1982,3.93511557396477,14.5701198109083,8.84028368584471
"Kansas",1983,4.64682623012716,14.5701198109083,8.84028368584471
"Kansas",1984,5.19316869783754,14.5701198109083,8.84028368584471
"Kansas",1985,1.28324039907666,14.5701198109083,8.84028368584471
"Kansas",1986,-2.9792103166653,14.5701198109083,8.84028368584471
"Kansas",1987,-4.68154266994897,14.5701198109083,8.84028368584471
"Kansas",1988,-0.0648411467429213,14.5701198109083,8.84028368584471
"Kansas",1989,-2.37875995903492,14.5701198109083,8.84028368584471
"Kansas",1990,1.38866942002576,14.5701198109083,8.84028368584471
"Kansas",1991,1.99961479007057,14.5701198109083,8.84028368584471
"Kansas",1992,1.38628869755014,14.5701198109083,8.84028368584471
"Kansas",1993,2.72241042229345,14.5701198109083,8.84028368584471
"Kansas",1994,-2.11484544914697,14.5701198109083,8.84028368584471
"Kansas",1995,-2.2817259331183,14.5701198109083,8.84028368584471
"Kansas",1996,-2.74076583099409,14.5701198109083,8.84028368584471
"Kansas",1997,-3.56734649293305,14.5701198109083,8.84028368584471
"Kansas",1998,-2.57733837668604,14.5701198109083,8.84028368584471
"Kansas",1999,-5.03117400271546,14.5701198109083,8.84028368584471
"Kansas",2000,-4.82625533494763,14.5701198109083,8.84028368584471
"Kentucky",1970,-34.7519380080071,436.278496726882,1503.33215349753
"Kentucky",1971,-40.1496362041791,436.278496726882,1503.33215349753
"Kentucky",1972,-44.4269779893766,436.278496726882,1503.33215349753
"Kentucky",1973,-24.1198578439958,436.278496726882,1503.33215349753
"Kentucky",1974,-11.6426556964984,436.278496726882,1503.33215349753
"Kentucky",1975,-0.599414925228956,436.278496726882,1503.33215349753
"Kentucky",1976,-2.35686250571513,436.278496726882,1503.33215349753
"Kentucky",1977,6.57290552449291,436.278496726882,1503.33215349753
"Kentucky",1978,10.3256464036902,436.278496726882,1503.33215349753
"Kentucky",1979,9.97211810370575,436.278496726882,1503.33215349753
"Kentucky",1980,16.994109907503,436.278496726882,1503.33215349753
"Kentucky",1981,17.1301738087008,436.278496726882,1503.33215349753
"Kentucky",1982,20.0365421319275,436.278496726882,1503.33215349753
"Kentucky",1983,17.9283676615142,436.278496726882,1503.33215349753
"Kentucky",1984,11.1816822359322,436.278496726882,1503.33215349753
"Kentucky",1985,16.9147613974797,436.278496726882,1503.33215349753
"Kentucky",1986,16.8522350918022,436.278496726882,1503.33215349753
"Kentucky",1987,10.9126487793927,436.278496726882,1503.33215349753
"Kentucky",1988,20.0995371321874,436.278496726882,1503.33215349753
"Kentucky",1989,24.8376581997074,436.278496726882,1503.33215349753
"Kentucky",1990,45.7778474619683,436.278496726882,1503.33215349753
"Kentucky",1991,36.0666782786416,436.278496726882,1503.33215349753
"Kentucky",1992,35.4997002097178,436.278496726882,1503.33215349753
"Kentucky",1993,34.2994521821822,436.278496726882,1503.33215349753
"Kentucky",1994,45.0851263513628,436.278496726882,1503.33215349753
"Kentucky",1995,42.1031304787201,436.278496726882,1503.33215349753
"Kentucky",1996,43.9840132109766,436.278496726882,1503.33215349753
"Kentucky",1997,47.6341395640874,436.278496726882,1503.33215349753
"Kentucky",1998,31.8747974973467,436.278496726882,1503.33215349753
"Kentucky",1999,35.0706315791886,436.278496726882,1503.33215349753
"Kentucky",2000,36.5387471405378,436.278496726882,1503.33215349753
"Louisiana",1970,2.81942089016424,2.64354592976698,32.6226694264021
"Louisiana",1971,0.0197974992208287,2.64354592976698,32.6226694264021
"Louisiana",1972,-1.02225616371098,2.64354592976698,32.6226694264021
"Louisiana",1973,-2.23737823354905,2.64354592976698,32.6226694264021
"Louisiana",1974,-2.57828077838516,2.64354592976698,32.6226694264021
"Louisiana",1975,-0.30023409183309,2.64354592976698,32.6226694264021
"Louisiana",1976,-1.73342836030164,2.64354592976698,32.6226694264021
"Louisiana",1977,-1.90953935637259,2.64354592976698,32.6226694264021
"Louisiana",1978,0.285837782416138,2.64354592976698,32.6226694264021
"Louisiana",1979,-0.531041624114636,2.64354592976698,32.6226694264021
"Louisiana",1980,1.65027152779047,2.64354592976698,32.6226694264021
"Louisiana",1981,1.81966843664802,2.64354592976698,32.6226694264021
"Louisiana",1982,0.917458890916038,2.64354592976698,32.6226694264021
"Louisiana",1983,-3.68346153734439,2.64354592976698,32.6226694264021
"Louisiana",1984,0.614641908468258,2.64354592976698,32.6226694264021
"Louisiana",1985,-1.14045546474259,2.64354592976698,32.6226694264021
"Louisiana",1986,-0.352347350762344,2.64354592976698,32.6226694264021
"Louisiana",1987,-0.134590448954683,2.64354592976698,32.6226694264021
"Louisiana",1988,-0.457806453149686,2.64354592976698,32.6226694264021
"Louisiana",1989,-4.01128827839247,2.64354592976698,32.6226694264021
"Louisiana",1990,0.392576930916476,2.64354592976698,32.6226694264021
"Louisiana",1991,7.47165375727026,2.64354592976698,32.6226694264021
"Louisiana",1992,9.33177472611676,2.64354592976698,32.6226694264021
"Louisiana",1993,6.89992415418119,2.64354592976698,32.6226694264021
"Louisiana",1994,1.79617580482716,2.64354592976698,32.6226694264021
"Louisiana",1995,0.901057427785517,2.64354592976698,32.6226694264021
"Louisiana",1996,5.53926426572376,2.64354592976698,32.6226694264021
"Louisiana",1997,4.49796244036226,2.64354592976698,32.6226694264021
"Louisiana",1998,2.17191543889486,2.64354592976698,32.6226694264021
"Louisiana",1999,3.1184240862418,2.64354592976698,32.6226694264021
"Louisiana",2000,10.7385216808918,2.64354592976698,32.6226694264021
"Maine",1970,-2.00560255852128,9.15366229639296,127.13747162347
"Maine",1971,1.39938673488419,9.15366229639296,127.13747162347
"Maine",1972,0.468573523275666,9.15366229639296,127.13747162347
"Maine",1973,2.07926522448926,9.15366229639296,127.13747162347
"Maine",1974,4.49337493283315,9.15366229639296,127.13747162347
"Maine",1975,0.254480565184764,9.15366229639296,127.13747162347
"Maine",1976,-0.970908031868504,9.15366229639296,127.13747162347
"Maine",1977,-1.25204091888284,9.15366229639296,127.13747162347
"Maine",1978,-2.32709575746708,9.15366229639296,127.13747162347
"Maine",1979,-2.67283873537036,9.15366229639296,127.13747162347
"Maine",1980,-0.858539286375162,9.15366229639296,127.13747162347
"Maine",1981,-1.03034418427768,9.15366229639296,127.13747162347
"Maine",1982,1.68729106043793,9.15366229639296,127.13747162347
"Maine",1983,0.708757231779998,9.15366229639296,127.13747162347
"Maine",1984,6.94809364351966,9.15366229639296,127.13747162347
"Maine",1985,0.612231355300693,9.15366229639296,127.13747162347
"Maine",1986,-8.30173054530653,9.15366229639296,127.13747162347
"Maine",1987,0.794474738248354,9.15366229639296,127.13747162347
"Maine",1988,2.17309116745992,9.15366229639296,127.13747162347
"Maine",1989,4.84234795044395,9.15366229639296,127.13747162347
"Maine",1990,5.8278348652195,9.15366229639296,127.13747162347
"Maine",1991,7.18285518939174,9.15366229639296,127.13747162347
"Maine",1992,4.71542249491223,9.15366229639296,127.13747162347
"Maine",1993,-1.36124665891019,9.15366229639296,127.13747162347
"Maine",1994,-4.47049985925835,9.15366229639296,127.13747162347
"Maine",1995,-8.9618211311171,9.15366229639296,127.13747162347
"Maine",1996,-8.93054853427077,9.15366229639296,127.13747162347
"Maine",1997,-9.28782308007031,9.15366229639296,127.13747162347
"Maine",1998,-16.3828881062229,9.15366229639296,127.13747162347
"Maine",1999,-22.6577251401613,9.15366229639296,127.13747162347
"Maine",2000,-18.5598104314935,9.15366229639296,127.13747162347
"Minnesota",1970,-3.55658378195875,15.1143022692288,42.9438668607407
"Minnesota",1971,8.25095887928718,15.1143022692288,42.9438668607407
"Minnesota",1972,-9.64908416336965,15.1143022692288,42.9438668607407
"Minnesota",1973,0.00176797895652214,15.1143022692288,42.9438668607407
"Minnesota",1974,0.390108163040978,15.1143022692288,42.9438668607407
"Minnesota",1975,1.41717707990018,15.1143022692288,42.9438668607407
"Minnesota",1976,2.91811223901122,15.1143022692288,42.9438668607407
"Minnesota",1977,0.884710406408487,15.1143022692288,42.9438668607407
"Minnesota",1978,1.61409038898947,15.1143022692288,42.9438668607407
"Minnesota",1979,1.38091668050994,15.1143022692288,42.9438668607407
"Minnesota",1980,0.0133740886657137,15.1143022692288,42.9438668607407
"Minnesota",1981,3.50754354297518,15.1143022692288,42.9438668607407
"Minnesota",1982,3.0713945745003,15.1143022692288,42.9438668607407
"Minnesota",1983,0.12297327538316,15.1143022692288,42.9438668607407
"Minnesota",1984,2.26733006687873,15.1143022692288,42.9438668607407
"Minnesota",1985,5.57595721942857,15.1143022692288,42.9438668607407
"Minnesota",1986,-0.800898734180919,15.1143022692288,42.9438668607407
"Minnesota",1987,5.83724328616312,15.1143022692288,42.9438668607407
"Minnesota",1988,-2.16098555575124,15.1143022692288,42.9438668607407
"Minnesota",1989,-1.29521319395124,15.1143022692288,42.9438668607407
"Minnesota",1990,4.74950066213295,15.1143022692288,42.9438668607407
"Minnesota",1991,4.14919714595871,15.1143022692288,42.9438668607407
"Minnesota",1992,3.65876273972337,15.1143022692288,42.9438668607407
"Minnesota",1993,2.17697003056685,15.1143022692288,42.9438668607407
"Minnesota",1994,5.87714935770724,15.1143022692288,42.9438668607407
"Minnesota",1995,6.90853191989872,15.1143022692288,42.9438668607407
"Minnesota",1996,6.10529824809507,15.1143022692288,42.9438668607407
"Minnesota",1997,8.84768441490759,15.1143022692288,42.9438668607407
"Minnesota",1998,9.9367075659634,15.1143022692288,42.9438668607407
"Minnesota",1999,10.3768442835274,15.1143022692288,42.9438668607407
"Minnesota",2000,7.17687604148186,15.1143022692288,42.9438668607407
"Mississippi",1970,-4.4210994156265,4.16140774335387,29.366192006938
"Mississippi",1971,0.623035545429133,4.16140774335387,29.366192006938
"Mississippi",1972,3.56139165789899,4.16140774335387,29.366192006938
"Mississippi",1973,2.43517667573721,4.16140774335387,29.366192006938
"Mississippi",1974,1.04255142142956,4.16140774335387,29.366192006938
"Mississippi",1975,-1.38849366751047,4.16140774335387,29.366192006938
"Mississippi",1976,-2.16224060156952,4.16140774335387,29.366192006938
"Mississippi",1977,-1.78737694412743,4.16140774335387,29.366192006938
"Mississippi",1978,-2.25129116572793,4.16140774335387,29.366192006938
"Mississippi",1979,-0.415723039804973,4.16140774335387,29.366192006938
"Mississippi",1980,0.58539514341102,4.16140774335387,29.366192006938
"Mississippi",1981,0.201605880279303,4.16140774335387,29.366192006938
"Mississippi",1982,1.80778072517477,4.16140774335387,29.366192006938
"Mississippi",1983,2.77979908771451,4.16140774335387,29.366192006938
"Mississippi",1984,1.10172588733221,4.16140774335387,29.366192006938
"Mississippi",1985,0.753085652090178,4.16140774335387,29.366192006938
"Mississippi",1986,-1.23200858980505,4.16140774335387,29.366192006938
"Mississippi",1987,-3.1147110538819,4.16140774335387,29.366192006938
"Mississippi",1988,-0.118308029214788,4.16140774335387,29.366192006938
"Mississippi",1989,2.12565360634034,4.16140774335387,29.366192006938
"Mississippi",1990,-1.34893199644956,4.16140774335387,29.366192006938
"Mississippi",1991,-0.046820069556162,4.16140774335387,29.366192006938
"Mississippi",1992,0.07474853519102,4.16140774335387,29.366192006938
"Mississippi",1993,2.63410084279926,4.16140774335387,29.366192006938
"Mississippi",1994,5.58286938152798,4.16140774335387,29.366192006938
"Mississippi",1995,8.72721053910287,4.16140774335387,29.366192006938
"Mississippi",1996,10.8926762352924,4.16140774335387,29.366192006938
"Mississippi",1997,1.05394054628545,4.16140774335387,29.366192006938
"Mississippi",1998,2.71115935658679,4.16140774335387,29.366192006938
"Mississippi",1999,8.53945787132444,4.16140774335387,29.366192006938
"Mississippi",2000,5.6341343812186,4.16140774335387,29.366192006938
"Missouri",1970,-3.13203695178994,1.81459709081685,81.7218225226453
"Missouri",1971,-0.156094356850332,1.81459709081685,81.7218225226453
"Missouri",1972,0.142887176613897,1.81459709081685,81.7218225226453
"Missouri",1973,1.32080290126547,1.81459709081685,81.7218225226453
"Missouri",1974,2.15444139007087,1.81459709081685,81.7218225226453
"Missouri",1975,-0.0748416553030893,1.81459709081685,81.7218225226453
"Missouri",1976,1.43469134754804,1.81459709081685,81.7218225226453
"Missouri",1977,1.83280624924458,1.81459709081685,81.7218225226453
"Missouri",1978,0.317962643273091,1.81459709081685,81.7218225226453
"Missouri",1979,0.164892796775291,1.81459709081685,81.7218225226453
"Missouri",1980,-0.0769929583390194,1.81459709081685,81.7218225226453
"Missouri",1981,0.633471287604891,1.81459709081685,81.7218225226453
"Missouri",1982,0.556244072781141,1.81459709081685,81.7218225226453
"Missouri",1983,-2.0208340465685,1.81459709081685,81.7218225226453
"Missouri",1984,0.826852311028432,1.81459709081685,81.7218225226453
"Missouri",1985,-1.99418461535657,1.81459709081685,81.7218225226453
"Missouri",1986,-1.52694256332154,1.81459709081685,81.7218225226453
"Missouri",1987,-0.0233147517964198,1.81459709081685,81.7218225226453
"Missouri",1988,0.944676771846318,1.81459709081685,81.7218225226453
"Missouri",1989,-0.227651944207793,1.81459709081685,81.7218225226453
"Missouri",1990,-1.14973912119254,1.81459709081685,81.7218225226453
"Missouri",1991,3.07212935305498,1.81459709081685,81.7218225226453
"Missouri",1992,3.9733991254103,1.81459709081685,81.7218225226453
"Missouri",1993,8.73925637281138,1.81459709081685,81.7218225226453
"Missouri",1994,8.57042725504108,1.81459709081685,81.7218225226453
"Missouri",1995,10.6345150572264,1.81459709081685,81.7218225226453
"Missouri",1996,13.6690083638864,1.81459709081685,81.7218225226453
"Missouri",1997,10.4465322131272,1.81459709081685,81.7218225226453
"Missouri",1998,10.4112800110376,1.81459709081685,81.7218225226453
"Missouri",1999,11.1699154629172,1.81459709081685,81.7218225226453
"Missouri",2000,12.7282733240071,1.81459709081685,81.7218225226453
"Montana",1970,1.90562070056551,5.38202446370194,58.1434579323367
"Montana",1971,2.43626962286127,5.38202446370194,58.1434579323367
"Montana",1972,-0.0841846401954598,5.38202446370194,58.1434579323367
"Montana",1973,-1.54102972671929,5.38202446370194,58.1434579323367
"Montana",1974,0.226124194277816,5.38202446370194,58.1434579323367
"Montana",1975,0.078760665287902,5.38202446370194,58.1434579323367
"Montana",1976,-1.69556744301501,5.38202446370194,58.1434579323367
"Montana",1977,2.01526242682735,5.38202446370194,58.1434579323367
"Montana",1978,3.22669383305107,5.38202446370194,58.1434579323367
"Montana",1979,-0.98315068655053,5.38202446370194,58.1434579323367
"Montana",1980,0.371075473934894,5.38202446370194,58.1434579323367
"Montana",1981,-1.01177532374079,5.38202446370194,58.1434579323367
"Montana",1982,4.09983678677308,5.38202446370194,58.1434579323367
"Montana",1983,-1.71141947287107,5.38202446370194,58.1434579323367
"Montana",1984,3.07105548246987,5.38202446370194,58.1434579323367
"Montana",1985,0.300771205510017,5.38202446370194,58.1434579323367
"Montana",1986,-3.82607617515457,5.38202446370194,58.1434579323367
"Montana",1987,-4.54549806279425,5.38202446370194,58.1434579323367
"Montana",1988,-2.49335890164346,5.38202446370194,58.1434579323367
"Montana",1989,0.873218195878394,5.38202446370194,58.1434579323367
"Montana",1990,2.24581326411244,5.38202446370194,58.1434579323367
"Montana",1991,0.528928261593393,5.38202446370194,58.1434579323367
"Montana",1992,5.48142498373556,5.38202446370194,58.1434579323367
"Montana",1993,4.14393610323746,5.38202446370194,58.1434579323367
"Montana",1994,5.74279086709957,5.38202446370194,58.1434579323367
"Montana",1995,10.9469808844834,5.38202446370194,58.1434579323367
"Montana",1996,9.35946719296901,5.38202446370194,58.1434579323367
"Montana",1997,12.2939998866443,5.38202446370194,58.1434579323367
"Montana",1998,11.3527931536443,5.38202446370194,58.1434579323367
"Montana",1999,7.88539826760889,5.38202446370194,58.1434579323367
"Montana",2000,7.86090335530312,5.38202446370194,58.1434579323367
"Nebraska",1970,4.31887595867016,4.61226553042385,51.5571423411873
"Nebraska",1971,2.94860412482994,4.61226553042385,51.5571423411873
"Nebraska",1972,-3.92888942927878,4.61226553042385,51.5571423411873
"Nebraska",1973,-3.43320948824214,4.61226553042385,51.5571423411873
"Nebraska",1974,-2.36926463919177,4.61226553042385,51.5571423411873
"Nebraska",1975,-0.0558750077670283,4.61226553042385,51.5571423411873
"Nebraska",1976,1.22916682289829,4.61226553042385,51.5571423411873
"Nebraska",1977,0.179058679667392,4.61226553042385,51.5571423411873
"Nebraska",1978,-0.602567965643246,4.61226553042385,51.5571423411873
"Nebraska",1979,-0.363073074527321,4.61226553042385,51.5571423411873
"Nebraska",1980,0.0308009346812241,4.61226553042385,51.5571423411873
"Nebraska",1981,0.135960398730901,4.61226553042385,51.5571423411873
"Nebraska",1982,2.7856872411804,4.61226553042385,51.5571423411873
"Nebraska",1983,1.00531386680969,4.61226553042385,51.5571423411873
"Nebraska",1984,2.74141591824635,4.61226553042385,51.5571423411873
"Nebraska",1985,1.33097406880925,4.61226553042385,51.5571423411873
"Nebraska",1986,1.78777857215604,4.61226553042385,51.5571423411873
"Nebraska",1987,2.00998394419042,4.61226553042385,51.5571423411873
"Nebraska",1988,-0.308942179699798,4.61226553042385,51.5571423411873
"Nebraska",1989,3.65292743063736,4.61226553042385,51.5571423411873
"Nebraska",1990,4.01047554952557,4.61226553042385,51.5571423411873
"Nebraska",1991,8.17711722504342,4.61226553042385,51.5571423411873
"Nebraska",1992,6.79742469909048,4.61226553042385,51.5571423411873
"Nebraska",1993,8.51825329645874,4.61226553042385,51.5571423411873
"Nebraska",1994,4.06248515117578,4.61226553042385,51.5571423411873
"Nebraska",1995,7.36898268585789,4.61226553042385,51.5571423411873
"Nebraska",1996,6.4856163724625,4.61226553042385,51.5571423411873
"Nebraska",1997,5.79406542030554,4.61226553042385,51.5571423411873
"Nebraska",1998,6.11143412392305,4.61226553042385,51.5571423411873
"Nebraska",1999,12.5962163308806,4.61226553042385,51.5571423411873
"Nebraska",2000,7.82129459322046,4.61226553042385,51.5571423411873
"Nevada",1970,8.51475732597245,42.8802331402733,85.9731890945568
"Nevada",1971,2.2144578125712,42.8802331402733,85.9731890945568
"Nevada",1972,-3.84511733815731,42.8802331402733,85.9731890945568
"Nevada",1973,0.47987738226098,42.8802331402733,85.9731890945568
"Nevada",1974,5.35164936996387,42.8802331402733,85.9731890945568
"Nevada",1975,6.26362613831651,42.8802331402733,85.9731890945568
"Nevada",1976,-5.70354485091175,42.8802331402733,85.9731890945568
"Nevada",1977,-8.31252517566745,42.8802331402733,85.9731890945568
"Nevada",1978,-5.88692558325556,42.8802331402733,85.9731890945568
"Nevada",1979,-0.933616543988819,42.8802331402733,85.9731890945568
"Nevada",1980,-1.06012524501742,42.8802331402733,85.9731890945568
"Nevada",1981,-3.07190367001783,42.8802331402733,85.9731890945568
"Nevada",1982,-6.75205930938628,42.8802331402733,85.9731890945568
"Nevada",1983,-6.026294335215,42.8802331402733,85.9731890945568
"Nevada",1984,-18.094275908351,42.8802331402733,85.9731890945568
"Nevada",1985,-1.6452382154271,42.8802331402733,85.9731890945568
"Nevada",1986,-2.34470080786966,42.8802331402733,85.9731890945568
"Nevada",1987,5.00392561296948,42.8802331402733,85.9731890945568
"Nevada",1988,8.01009367625204,42.8802331402733,85.9731890945568
"Nevada",1989,11.3505260739187,42.8802331402733,85.9731890945568
"Nevada",1990,20.5458362374767,42.8802331402733,85.9731890945568
"Nevada",1991,5.04456894964218,42.8802331402733,85.9731890945568
"Nevada",1992,1.44560837354449,42.8802331402733,85.9731890945568
"Nevada",1993,-0.618135499197194,42.8802331402733,85.9731890945568
"Nevada",1994,1.72178499754438,42.8802331402733,85.9731890945568
"Nevada",1995,-6.60077854951076,42.8802331402733,85.9731890945568
"Nevada",1996,-8.93065099659249,42.8802331402733,85.9731890945568
"Nevada",1997,-15.9500048811002,42.8802331402733,85.9731890945568
"Nevada",1998,-8.46494042881099,42.8802331402733,85.9731890945568
"Nevada",1999,-0.587647149520791,42.8802331402733,85.9731890945568
"Nevada",2000,-0.313591656254673,42.8802331402733,85.9731890945568
"New Hampshire",1970,109.900011830352,3485.45806670014,312.755602066742
"New Hampshire",1971,114.500003207679,3485.45806670014,312.755602066742
"New Hampshire",1972,116.800022706842,3485.45806670014,312.755602066742
"New Hampshire",1973,77.1000137110985,3485.45806670014,312.755602066742
"New Hampshire",1974,57.400002835838,3485.45806670014,312.755602066742
"New Hampshire",1975,46.1000166178761,3485.45806670014,312.755602066742
"New Hampshire",1976,59.6000175345781,3485.45806670014,312.755602066742
"New Hampshire",1977,49.4000057374586,3485.45806670014,312.755602066742
"New Hampshire",1978,44.9000207282575,3485.45806670014,312.755602066742
"New Hampshire",1979,39.7000225850516,3485.45806670014,312.755602066742
"New Hampshire",1980,32.5000108967722,3485.45806670014,312.755602066742
"New Hampshire",1981,35.7000072273567,3485.45806670014,312.755602066742
"New Hampshire",1982,29.2000077963536,3485.45806670014,312.755602066742
"New Hampshire",1983,31.7999980750247,3485.45806670014,312.755602066742
"New Hampshire",1984,31.9000179455228,3485.45806670014,312.755602066742
"New Hampshire",1985,18.7000208668476,3485.45806670014,312.755602066742
"New Hampshire",1986,16.0999995329082,3485.45806670014,312.755602066742
"New Hampshire",1987,23.9000167091346,3485.45806670014,312.755602066742
"New Hampshire",1988,7.2000054375699,3485.45806670014,312.755602066742
"New Hampshire",1989,1.29999688680135,3485.45806670014,312.755602066742
"New Hampshire",1990,-30.0999943570388,3485.45806670014,312.755602066742
"New Hampshire",1991,-25.5999804342184,3485.45806670014,312.755602066742
"New Hampshire",1992,-23.8999989046112,3485.45806670014,312.755602066742
"New Hampshire",1993,-18.7000017304159,3485.45806670014,312.755602066742
"New Hampshire",1994,-16.2999915212995,3485.45806670014,312.755602066742
"New Hampshire",1995,-16.7999909585597,3485.45806670014,312.755602066742
"New Hampshire",1996,-20.9999869789361,3485.45806670014,312.755602066742
"New Hampshire",1997,-12.3999945059313,3485.45806670014,312.755602066742
"New Hampshire",1998,2.50001173061122,3485.45806670014,312.755602066742
"New Hampshire",1999,6.40000523955169,3485.45806670014,312.755602066742
"New Hampshire",2000,-8.89998312509019,3485.45806670014,312.755602066742
"New Mexico",1970,1.6580651657999,4.70728995054266,43.7457661442986
"New Mexico",1971,0.703956644203132,4.70728995054266,43.7457661442986
"New Mexico",1972,-0.275119306623097,4.70728995054266,43.7457661442986
"New Mexico",1973,-0.858954559146426,4.70728995054266,43.7457661442986
"New Mexico",1974,-2.69073773747782,4.70728995054266,43.7457661442986
"New Mexico",1975,-0.000569706116849034,4.70728995054266,43.7457661442986
"New Mexico",1976,-3.20359148230932,4.70728995054266,43.7457661442986
"New Mexico",1977,-3.35560521901306,4.70728995054266,43.7457661442986
"New Mexico",1978,-2.82499209605751,4.70728995054266,43.7457661442986
"New Mexico",1979,-2.74441863937105,4.70728995054266,43.7457661442986
"New Mexico",1980,1.49931786650933,4.70728995054266,43.7457661442986
"New Mexico",1981,0.748091319065139,4.70728995054266,43.7457661442986
"New Mexico",1982,-1.85126329684006,4.70728995054266,43.7457661442986
"New Mexico",1983,0.475603732818911,4.70728995054266,43.7457661442986
"New Mexico",1984,-2.14248034279481,4.70728995054266,43.7457661442986
"New Mexico",1985,-1.79646038661058,4.70728995054266,43.7457661442986
"New Mexico",1986,1.01293507227598,4.70728995054266,43.7457661442986
"New Mexico",1987,-5.0793654469589,4.70728995054266,43.7457661442986
"New Mexico",1988,-0.0161129549132397,4.70728995054266,43.7457661442986
"New Mexico",1989,-1.6273267706043,4.70728995054266,43.7457661442986
"New Mexico",1990,-5.67317083663836,4.70728995054266,43.7457661442986
"New Mexico",1991,-5.22738198070968,4.70728995054266,43.7457661442986
"New Mexico",1992,-4.13260871924587,4.70728995054266,43.7457661442986
"New Mexico",1993,-7.29631007131188,4.70728995054266,43.7457661442986
"New Mexico",1994,-9.39193124246955,4.70728995054266,43.7457661442986
"New Mexico",1995,-5.21739008844209,4.70728995054266,43.7457661442986
"New Mexico",1996,-5.61454955284182,4.70728995054266,43.7457661442986
"New Mexico",1997,-11.6069286797377,4.70728995054266,43.7457661442986
"New Mexico",1998,-4.7043904835548,4.70728995054266,43.7457661442986
"New Mexico",1999,-6.26236366541399,4.70728995054266,43.7457661442986
"New Mexico",2000,-7.03235634481575,4.70728995054266,43.7457661442986
"North Carolina",1970,-19.3420413497065,81.4806125479626,58.8441470004072
"North Carolina",1971,-8.28096563189402,81.4806125479626,58.8441470004072
"North Carolina",1972,6.83524876343725,81.4806125479626,58.8441470004072
"North Carolina",1973,15.3037092599771,81.4806125479626,58.8441470004072
"North Carolina",1974,13.1649813644206,81.4806125479626,58.8441470004072
"North Carolina",1975,9.48798709554163,81.4806125479626,58.8441470004072
"North Carolina",1976,11.2813709074541,81.4806125479626,58.8441470004072
"North Carolina",1977,6.7287811641614,81.4806125479626,58.8441470004072
"North Carolina",1978,-0.0334060844068915,81.4806125479626,58.8441470004072
"North Carolina",1979,-1.59068630339652,81.4806125479626,58.8441470004072
"North Carolina",1980,-6.6358197960752,81.4806125479626,58.8441470004072
"North Carolina",1981,-9.96558431051884,81.4806125479626,58.8441470004072
"North Carolina",1982,-5.33149454310001,81.4806125479626,58.8441470004072
"North Carolina",1983,-7.85094007449655,81.4806125479626,58.8441470004072
"North Carolina",1984,3.57045391920218,81.4806125479626,58.8441470004072
"North Carolina",1985,-4.79915085372573,81.4806125479626,58.8441470004072
"North Carolina",1986,-2.75483710703907,81.4806125479626,58.8441470004072
"North Carolina",1987,-7.90308802326214,81.4806125479626,58.8441470004072
"North Carolina",1988,-6.84585242325824,81.4806125479626,58.8441470004072
"North Carolina",1989,-9.4969494075971,81.4806125479626,58.8441470004072
"North Carolina",1990,-14.2625983835075,81.4806125479626,58.8441470004072
"North Carolina",1991,2.10869904535656,81.4806125479626,58.8441470004072
"North Carolina",1992,2.50221058661704,81.4806125479626,58.8441470004072
"North Carolina",1993,3.7059521266353,81.4806125479626,58.8441470004072
"North Carolina",1994,-12.8377059499546,81.4806125479626,58.8441470004072
"North Carolina",1995,0.588642341673889,81.4806125479626,58.8441470004072
"North Carolina",1996,5.97194605053735,81.4806125479626,58.8441470004072
"North Carolina",1997,-0.0316135327923917,81.4806125479626,58.8441470004072
"North Carolina",1998,-0.646994036110371,81.4806125479626,58.8441470004072
"North Carolina",1999,-12.8527737378758,81.4806125479626,58.8441470004072
"North Carolina",2000,-4.65226027936185,81.4806125479626,58.8441470004072
"North Dakota",1970,-5.01187924638852,10.6329369444076,65.3495084150351
"North Dakota",1971,-4.41567381597658,10.6329369444076,65.3495084150351
"North Dakota",1972,-4.24246583084316,10.6329369444076,65.3495084150351
"North Dakota",1973,-1.22569879466546,10.6329369444076,65.3495084150351
"North Dakota",1974,-4.31644094791235,10.6329369444076,65.3495084150351
"North Dakota",1975,-0.249564194050848,10.6329369444076,65.3495084150351
"North Dakota",1976,3.31784554587173,10.6329369444076,65.3495084150351
"North Dakota",1977,-0.874569711670816,10.6329369444076,65.3495084150351
"North Dakota",1978,-3.35805676728853,10.6329369444076,65.3495084150351
"North Dakota",1979,-3.97989913221814,10.6329369444076,65.3495084150351
"North Dakota",1980,0.78737787265959,10.6329369444076,65.3495084150351
"North Dakota",1981,0.367903028770755,10.6329369444076,65.3495084150351
"North Dakota",1982,1.63815035983481,10.6329369444076,65.3495084150351
"North Dakota",1983,1.79097872178896,10.6329369444076,65.3495084150351
"North Dakota",1984,0.535946672728727,10.6329369444076,65.3495084150351
"North Dakota",1985,-3.32651397323723,10.6329369444076,65.3495084150351
"North Dakota",1986,-3.75140546763824,10.6329369444076,65.3495084150351
"North Dakota",1987,-6.30291243614138,10.6329369444076,65.3495084150351
"North Dakota",1988,-2.91986999040739,10.6329369444076,65.3495084150351
"North Dakota",1989,-3.05095264290374,10.6329369444076,65.3495084150351
"North Dakota",1990,-1.89402472044283,10.6329369444076,65.3495084150351
"North Dakota",1991,5.40644057452458,10.6329369444076,65.3495084150351
"North Dakota",1992,-5.24726312065764,10.6329369444076,65.3495084150351
"North Dakota",1993,3.07422260491433,10.6329369444076,65.3495084150351
"North Dakota",1994,-7.61714942080243,10.6329369444076,65.3495084150351
"North Dakota",1995,-9.24728196666796,10.6329369444076,65.3495084150351
"North Dakota",1996,-9.53512819025659,10.6329369444076,65.3495084150351
"North Dakota",1997,-13.7835748235632,10.6329369444076,65.3495084150351
"North Dakota",1998,-7.29302560299875,10.6329369444076,65.3495084150351
"North Dakota",1999,-11.4854188635572,10.6329369444076,65.3495084150351
"North Dakota",2000,-9.77457836599874,10.6329369444076,65.3495084150351
"Ohio",1970,3.43703143223753,3.10626134771848,11.3131745322656
"Ohio",1971,2.35034723946109,3.10626134771848,11.3131745322656
"Ohio",1972,1.63215837282733,3.10626134771848,11.3131745322656
"Ohio",1973,-1.15130580162915,3.10626134771848,11.3131745322656
"Ohio",1974,-1.81303315696864,3.10626134771848,11.3131745322656
"Ohio",1975,-1.54050526452541,3.10626134771848,11.3131745322656
"Ohio",1976,-3.60889804234465,3.10626134771848,11.3131745322656
"Ohio",1977,-3.05300724853565,3.10626134771848,11.3131745322656
"Ohio",1978,-0.821026511321918,3.10626134771848,11.3131745322656
"Ohio",1979,0.228071781911638,3.10626134771848,11.3131745322656
"Ohio",1980,1.15026780696937,3.10626134771848,11.3131745322656
"Ohio",1981,0.522842117481872,3.10626134771848,11.3131745322656
"Ohio",1982,1.17319740046145,3.10626134771848,11.3131745322656
"Ohio",1983,0.597793596449662,3.10626134771848,11.3131745322656
"Ohio",1984,1.47344809838349,3.10626134771848,11.3131745322656
"Ohio",1985,-0.424406504301089,3.10626134771848,11.3131745322656
"Ohio",1986,0.27130651477826,3.10626134771848,11.3131745322656
"Ohio",1987,-1.68797447356197,3.10626134771848,11.3131745322656
"Ohio",1988,0.597153768947948,3.10626134771848,11.3131745322656
"Ohio",1989,-0.407562383697211,3.10626134771848,11.3131745322656
"Ohio",1990,1.15809232843131,3.10626134771848,11.3131745322656
"Ohio",1991,2.09760580767757,3.10626134771848,11.3131745322656
"Ohio",1992,1.19455735910026,3.10626134771848,11.3131745322656
"Ohio",1993,-1.81093499433754,3.10626134771848,11.3131745322656
"Ohio",1994,-1.4412344093667,3.10626134771848,11.3131745322656
"Ohio",1995,-1.91079760716651,3.10626134771848,11.3131745322656
"Ohio",1996,-2.92592155796157,3.10626134771848,11.3131745322656
"Ohio",1997,-0.70765406339271,3.10626134771848,11.3131745322656
"Ohio",1998,-5.01688820237895,3.10626134771848,11.3131745322656
"Ohio",1999,-6.3342341977926,3.10626134771848,11.3131745322656
"Ohio",2000,-6.71286980540967,3.10626134771848,11.3131745322656
"Oklahoma",1970,-5.35680988369806,11.5248126736229,156.972294009135
"Oklahoma",1971,-1.79707145238206,11.5248126736229,156.972294009135
"Oklahoma",1972,0.146307331600653,11.5248126736229,156.972294009135
"Oklahoma",1973,-1.68539466952539,11.5248126736229,156.972294009135
"Oklahoma",1974,1.20604265629129,11.5248126736229,156.972294009135
"Oklahoma",1975,-0.951453792061017,11.5248126736229,156.972294009135
"Oklahoma",1976,-1.42672810154366,11.5248126736229,156.972294009135
"Oklahoma",1977,0.696491479807094,11.5248126736229,156.972294009135
"Oklahoma",1978,3.37516943179293,11.5248126736229,156.972294009135
"Oklahoma",1979,3.65633148156223,11.5248126736229,156.972294009135
"Oklahoma",1980,1.27565950502611,11.5248126736229,156.972294009135
"Oklahoma",1981,3.53553408595781,11.5248126736229,156.972294009135
"Oklahoma",1982,6.7378316964224,11.5248126736229,156.972294009135
"Oklahoma",1983,7.19501817225463,11.5248126736229,156.972294009135
"Oklahoma",1984,2.62761872035007,11.5248126736229,156.972294009135
"Oklahoma",1985,2.59523213554471,11.5248126736229,156.972294009135
"Oklahoma",1986,1.60614763716922,11.5248126736229,156.972294009135
"Oklahoma",1987,-0.122206448687976,11.5248126736229,156.972294009135
"Oklahoma",1988,-5.19763321485483,11.5248126736229,156.972294009135
"Oklahoma",1989,-6.52843593682847,11.5248126736229,156.972294009135
"Oklahoma",1990,-12.1079827293142,11.5248126736229,156.972294009135
"Oklahoma",1991,-15.4191375527565,11.5248126736229,156.972294009135
"Oklahoma",1992,-13.1207448150136,11.5248126736229,156.972294009135
"Oklahoma",1993,-14.2840377868366,11.5248126736229,156.972294009135
"Oklahoma",1994,5.4903512410136,11.5248126736229,156.972294009135
"Oklahoma",1995,9.13316407971614,11.5248126736229,156.972294009135
"Oklahoma",1996,10.1264443926757,11.5248126736229,156.972294009135
"Oklahoma",1997,11.9613166204613,11.5248126736229,156.972294009135
"Oklahoma",1998,14.4112417377584,11.5248126736229,156.972294009135
"Oklahoma",1999,16.8934123149509,11.5248126736229,156.972294009135
"Oklahoma",2000,15.108224297747,11.5248126736229,156.972294009135
"Pennsylvania",1970,1.15693893421361,3.57701200681903,5.83036984982271
"Pennsylvania",1971,-2.22875977986594,3.57701200681903,5.83036984982271
"Pennsylvania",1972,-1.06647880352146,3.57701200681903,5.83036984982271
"Pennsylvania",1973,0.287220783216469,3.57701200681903,5.83036984982271
"Pennsylvania",1974,1.60779502989864,3.57701200681903,5.83036984982271
"Pennsylvania",1975,-0.184742889538015,3.57701200681903,5.83036984982271
"Pennsylvania",1976,1.30669177484495,3.57701200681903,5.83036984982271
"Pennsylvania",1977,0.419863267500745,3.57701200681903,5.83036984982271
"Pennsylvania",1978,0.146373193290287,3.57701200681903,5.83036984982271
"Pennsylvania",1979,1.10345911700705,3.57701200681903,5.83036984982271
"Pennsylvania",1980,0.0771969921978553,3.57701200681903,5.83036984982271
"Pennsylvania",1981,1.73578385993541,3.57701200681903,5.83036984982271
"Pennsylvania",1982,1.26730916718759,3.57701200681903,5.83036984982271
"Pennsylvania",1983,6.87426913088545,3.57701200681903,5.83036984982271
"Pennsylvania",1984,1.08168083322215,3.57701200681903,5.83036984982271
"Pennsylvania",1985,1.15318273335313,3.57701200681903,5.83036984982271
"Pennsylvania",1986,0.0731000347363704,3.57701200681903,5.83036984982271
"Pennsylvania",1987,-0.556070611533002,3.57701200681903,5.83036984982271
"Pennsylvania",1988,0.0243186867379279,3.57701200681903,5.83036984982271
"Pennsylvania",1989,2.50629872797083,3.57701200681903,5.83036984982271
"Pennsylvania",1990,1.46750696284623,3.57701200681903,5.83036984982271
"Pennsylvania",1991,2.9057073068158,3.57701200681903,5.83036984982271
"Pennsylvania",1992,-5.3885948295419,3.57701200681903,5.83036984982271
"Pennsylvania",1993,-2.30627860916549,3.57701200681903,5.83036984982271
"Pennsylvania",1994,-0.0373012590402055,3.57701200681903,5.83036984982271
"Pennsylvania",1995,-1.60917439724227,3.57701200681903,5.83036984982271
"Pennsylvania",1996,-1.48807215145821,3.57701200681903,5.83036984982271
"Pennsylvania",1997,-1.1259024482914,3.57701200681903,5.83036984982271
"Pennsylvania",1998,-0.625218888721221,3.57701200681903,5.83036984982271
"Pennsylvania",1999,1.92266482093157,3.57701200681903,5.83036984982271
"Pennsylvania",2000,2.92744438665498,3.57701200681903,5.83036984982271
"Rhode Island",1970,-17.52275090347,77.5150953304898,299.1173026206
"Rhode Island",1971,-21.1249919652731,77.5150953304898,299.1173026206
"Rhode Island",1972,-13.3013902980457,77.5150953304898,299.1173026206
"Rhode Island",1973,-8.41314820646394,77.5150953304898,299.1173026206
"Rhode Island",1974,-7.09839783938904,77.5150953304898,299.1173026206
"Rhode Island",1975,0.64772414159728,77.5150953304898,299.1173026206
"Rhode Island",1976,-6.98678855805036,77.5150953304898,299.1173026206
"Rhode Island",1977,-7.7274102728235,77.5150953304898,299.1173026206
"Rhode Island",1978,-6.74110645822199,77.5150953304898,299.1173026206
"Rhode Island",1979,-4.57492257327817,77.5150953304898,299.1173026206
"Rhode Island",1980,-0.191621498358757,77.5150953304898,299.1173026206
"Rhode Island",1981,3.14345926775161,77.5150953304898,299.1173026206
"Rhode Island",1982,0.137026670879948,77.5150953304898,299.1173026206
"Rhode Island",1983,-5.89108839497695,77.5150953304898,299.1173026206
"Rhode Island",1984,4.20766689321164,77.5150953304898,299.1173026206
"Rhode Island",1985,-0.147132677318126,77.5150953304898,299.1173026206
"Rhode Island",1986,5.12268760282998,77.5150953304898,299.1173026206
"Rhode Island",1987,-6.08903893658636,77.5150953304898,299.1173026206
"Rhode Island",1988,10.9714711340654,77.5150953304898,299.1173026206
"Rhode Island",1989,-2.44005559875957,77.5150953304898,299.1173026206
"Rhode Island",1990,-18.5789507415359,77.5150953304898,299.1173026206
"Rhode Island",1991,-8.95413995111242,77.5150953304898,299.1173026206
"Rhode Island",1992,-10.7955427926383,77.5150953304898,299.1173026206
"Rhode Island",1993,-15.7076271874488,77.5150953304898,299.1173026206
"Rhode Island",1994,-17.2127872143578,77.5150953304898,299.1173026206
"Rhode Island",1995,-19.5809181558231,77.5150953304898,299.1173026206
"Rhode Island",1996,-21.4524868699304,77.5150953304898,299.1173026206
"Rhode Island",1997,-18.4984137073279,77.5150953304898,299.1173026206
"Rhode Island",1998,-21.0190414646047,77.5150953304898,299.1173026206
"Rhode Island",1999,-21.7031431780892,77.5150953304898,299.1173026206
"Rhode Island",2000,-19.9976748936187,77.5150953304898,299.1173026206
"South Carolina",1970,-1.85523935802486,2.21299829087899,40.9914810902203
"South Carolina",1971,1.03420834134178,2.21299829087899,40.9914810902203
"South Carolina",1972,-2.47716820386061,2.21299829087899,40.9914810902203
"South Carolina",1973,0.935435447446054,2.21299829087899,40.9914810902203
"South Carolina",1974,0.719483756951291,2.21299829087899,40.9914810902203
"South Carolina",1975,-0.445100930198748,2.21299829087899,40.9914810902203
"South Carolina",1976,1.19235143636374,2.21299829087899,40.9914810902203
"South Carolina",1977,0.360765654992832,2.21299829087899,40.9914810902203
"South Carolina",1978,2.17300982947245,2.21299829087899,40.9914810902203
"South Carolina",1979,-0.621222361898162,2.21299829087899,40.9914810902203
"South Carolina",1980,0.179122167525918,2.21299829087899,40.9914810902203
"South Carolina",1981,-0.701330679903293,2.21299829087899,40.9914810902203
"South Carolina",1982,-1.29684617448493,2.21299829087899,40.9914810902203
"South Carolina",1983,-2.78675002734582,2.21299829087899,40.9914810902203
"South Carolina",1984,-0.415278939972595,2.21299829087899,40.9914810902203
"South Carolina",1985,-2.15710746946894,2.21299829087899,40.9914810902203
"South Carolina",1986,-0.188228507025627,2.21299829087899,40.9914810902203
"South Carolina",1987,1.83376880544033,2.21299829087899,40.9914810902203
"South Carolina",1988,2.22555810641363,2.21299829087899,40.9914810902203
"South Carolina",1989,2.17055961043471,2.21299829087899,40.9914810902203
"South Carolina",1990,2.05734939389548,2.21299829087899,40.9914810902203
"South Carolina",1991,6.35094808022082,2.21299829087899,40.9914810902203
"South Carolina",1992,-1.37657944880603,2.21299829087899,40.9914810902203
"South Carolina",1993,0.97634583690035,2.21299829087899,40.9914810902203
"South Carolina",1994,-1.99261201068687,2.21299829087899,40.9914810902203
"South Carolina",1995,-8.09468414526016,2.21299829087899,40.9914810902203
"South Carolina",1996,-12.0885830958758,2.21299829087899,40.9914810902203
"South Carolina",1997,8.69614237721817,2.21299829087899,40.9914810902203
"South Carolina",1998,12.0395886960552,2.21299829087899,40.9914810902203
"South Carolina",1999,-1.78575765878279,2.21299829087899,40.9914810902203
"South Carolina",2000,-0.61580833737294,2.21299829087899,40.9914810902203
"South Dakota",1970,-2.10951835721669,4.79322941886244,31.3366135228174
"South Dakota",1971,-3.39619599490109,4.79322941886244,31.3366135228174
"South Dakota",1972,-2.37988769159797,4.79322941886244,31.3366135228174
"South Dakota",1973,-3.71818714268011,4.79322941886244,31.3366135228174
"South Dakota",1974,-1.48906485041897,4.79322941886244,31.3366135228174
"South Dakota",1975,2.41858682353018,4.79322941886244,31.3366135228174
"South Dakota",1976,2.5853405666157,4.79322941886244,31.3366135228174
"South Dakota",1977,0.967824262789179,4.79322941886244,31.3366135228174
"South Dakota",1978,1.14608933330136,4.79322941886244,31.3366135228174
"South Dakota",1979,3.22842543774627,4.79322941886244,31.3366135228174
"South Dakota",1980,0.202280822767648,4.79322941886244,31.3366135228174
"South Dakota",1981,0.962236723449266,4.79322941886244,31.3366135228174
"South Dakota",1982,0.252670480178026,4.79322941886244,31.3366135228174
"South Dakota",1983,1.059589830969,4.79322941886244,31.3366135228174
"South Dakota",1984,2.30364577703286,4.79322941886244,31.3366135228174
"South Dakota",1985,2.18352639378752,4.79322941886244,31.3366135228174
"South Dakota",1986,-3.1986368453375,4.79322941886244,31.3366135228174
"South Dakota",1987,-2.21347558613726,4.79322941886244,31.3366135228174
"South Dakota",1988,-0.903245349271501,4.79322941886244,31.3366135228174
"South Dakota",1989,-3.60534050213606,4.79322941886244,31.3366135228174
"South Dakota",1990,1.44827868261888,4.79322941886244,31.3366135228174
"South Dakota",1991,4.36046198239602,4.79322941886244,31.3366135228174
"South Dakota",1992,5.92413856505931,4.79322941886244,31.3366135228174
"South Dakota",1993,4.30564148142383,4.79322941886244,31.3366135228174
"South Dakota",1994,7.72109657289985,4.79322941886244,31.3366135228174
"South Dakota",1995,11.988227744449,4.79322941886244,31.3366135228174
"South Dakota",1996,6.39975694722644,4.79322941886244,31.3366135228174
"South Dakota",1997,2.79222573515314,4.79322941886244,31.3366135228174
"South Dakota",1998,5.3110222047419,4.79322941886244,31.3366135228174
"South Dakota",1999,2.77692742043507,4.79322941886244,31.3366135228174
"South Dakota",2000,-0.539576641789452,4.79322941886244,31.3366135228174
"Tennessee",1970,-3.83543296806019,5.31844423753313,125.66745284742
"Tennessee",1971,-1.89448462754565,5.31844423753313,125.66745284742
"Tennessee",1972,2.85995433965297,5.31844423753313,125.66745284742
"Tennessee",1973,-2.52616533874871,5.31844423753313,125.66745284742
"Tennessee",1974,0.0105779556548811,5.31844423753313,125.66745284742
"Tennessee",1975,-0.307179375755354,5.31844423753313,125.66745284742
"Tennessee",1976,0.164562704379307,5.31844423753313,125.66745284742
"Tennessee",1977,0.155689163313625,5.31844423753313,125.66745284742
"Tennessee",1978,-1.13247690937091,5.31844423753313,125.66745284742
"Tennessee",1979,-0.85729162946383,5.31844423753313,125.66745284742
"Tennessee",1980,-2.05819623701524,5.31844423753313,125.66745284742
"Tennessee",1981,-0.542946299388063,5.31844423753313,125.66745284742
"Tennessee",1982,2.75193778123096,5.31844423753313,125.66745284742
"Tennessee",1983,0.978050046905935,5.31844423753313,125.66745284742
"Tennessee",1984,1.00160689083611,5.31844423753313,125.66745284742
"Tennessee",1985,1.99547390613485,5.31844423753313,125.66745284742
"Tennessee",1986,2.06956955014445,5.31844423753313,125.66745284742
"Tennessee",1987,5.88498898584331,5.31844423753313,125.66745284742
"Tennessee",1988,3.01076012382862,5.31844423753313,125.66745284742
"Tennessee",1989,7.05311572409484,5.31844423753313,125.66745284742
"Tennessee",1990,8.52368275285103,5.31844423753313,125.66745284742
"Tennessee",1991,6.58288877918497,5.31844423753313,125.66745284742
"Tennessee",1992,1.42390964000118,5.31844423753313,125.66745284742
"Tennessee",1993,8.77386476351926,5.31844423753313,125.66745284742
"Tennessee",1994,10.3986701782845,5.31844423753313,125.66745284742
"Tennessee",1995,17.21570542762,5.31844423753313,125.66745284742
"Tennessee",1996,11.5811574000403,5.31844423753313,125.66745284742
"Tennessee",1997,13.2262123390696,5.31844423753313,125.66745284742
"Tennessee",1998,13.547129126721,5.31844423753313,125.66745284742
"Tennessee",1999,13.6851295452063,5.31844423753313,125.66745284742
"Tennessee",2000,13.3750120072717,5.31844423753313,125.66745284742
"Texas",1970,0.752283955235342,5.32853357657157,189.793839418826
"Texas",1971,-1.40995081993215,5.32853357657157,189.793839418826
"Texas",1972,-0.0870169296942578,5.32853357657157,189.793839418826
"Texas",1973,-2.39975368206397,5.32853357657157,189.793839418826
"Texas",1974,-0.961544758414263,5.32853357657157,189.793839418826
"Texas",1975,-2.96840262218672,5.32853357657157,189.793839418826
"Texas",1976,-3.23861136309695,5.32853357657157,189.793839418826
"Texas",1977,-0.483155030464019,5.32853357657157,189.793839418826
"Texas",1978,0.426736043467599,5.32853357657157,189.793839418826
"Texas",1979,1.15895833792497,5.32853357657157,189.793839418826
"Texas",1980,2.47438947957664,5.32853357657157,189.793839418826
"Texas",1981,0.728404243707018,5.32853357657157,189.793839418826
"Texas",1982,3.40278528615679,5.32853357657157,189.793839418826
"Texas",1983,4.09988421573213,5.32853357657157,189.793839418826
"Texas",1984,1.03507638424328,5.32853357657157,189.793839418826
"Texas",1985,1.83755311269437,5.32853357657157,189.793839418826
"Texas",1986,3.74151160347279,5.32853357657157,189.793839418826
"Texas",1987,-1.30369672320545,5.32853357657157,189.793839418826
"Texas",1988,-3.96873403275892,5.32853357657157,189.793839418826
"Texas",1989,-2.37515123744805,5.32853357657157,189.793839418826
"Texas",1990,-6.62063659746531,5.32853357657157,189.793839418826
"Texas",1991,-15.433565022488,5.32853357657157,189.793839418826
"Texas",1992,-13.9452248523308,5.32853357657157,189.793839418826
"Texas",1993,-9.9034248512065,5.32853357657157,189.793839418826
"Texas",1994,-11.5332792836323,5.32853357657157,189.793839418826
"Texas",1995,-15.7840372762422,5.32853357657157,189.793839418826
"Texas",1996,-15.4967292148972,5.32853357657157,189.793839418826
"Texas",1997,-16.532679900524,5.32853357657157,189.793839418826
"Texas",1998,-15.617005909673,5.32853357657157,189.793839418826
"Texas",1999,-18.3270166428801,5.32853357657157,189.793839418826
"Texas",2000,-14.8966088075195,5.32853357657157,189.793839418826
"Utah",1970,-24.5000024181635,593.764361244135,223.275927321967
"Utah",1971,-24.9000040046817,593.764361244135,223.275927321967
"Utah",1972,-28.0000021659349,593.764361244135,223.275927321967
"Utah",1973,-26.2000070308648,593.764361244135,223.275927321967
"Utah",1974,-24.7000072325976,593.764361244135,223.275927321967
"Utah",1975,-27.2999980012002,593.764361244135,223.275927321967
"Utah",1976,-24.5000030597786,593.764361244135,223.275927321967
"Utah",1977,-24.4000046644478,593.764361244135,223.275927321967
"Utah",1978,-23.500003118999,593.764361244135,223.275927321967
"Utah",1979,-21.900004691259,593.764361244135,223.275927321967
"Utah",1980,-27.8999969708642,593.764361244135,223.275927321967
"Utah",1981,-25.4000045825346,593.764361244135,223.275927321967
"Utah",1982,-23.9000049846366,593.764361244135,223.275927321967
"Utah",1983,-27.3000061604412,593.764361244135,223.275927321967
"Utah",1984,-22.6000017956999,593.764361244135,223.275927321967
"Utah",1985,-21.5000032691166,593.764361244135,223.275927321967
"Utah",1986,-23.7999984448607,593.764361244135,223.275927321967
"Utah",1987,-14.6000094125532,593.764361244135,223.275927321967
"Utah",1988,-22.7000003804607,593.764361244135,223.275927321967
"Utah",1989,-17.4000048608581,593.764361244135,223.275927321967
"Utah",1990,-17.4000047974965,593.764361244135,223.275927321967
"Utah",1991,-16.4000048132329,593.764361244135,223.275927321967
"Utah",1992,-16.4000045666613,593.764361244135,223.275927321967
"Utah",1993,-12.8000024191013,593.764361244135,223.275927321967
"Utah",1994,-12.4000008908647,593.764361244135,223.275927321967
"Utah",1995,-15.0000034006509,593.764361244135,223.275927321967
"Utah",1996,-11.7000002759922,593.764361244135,223.275927321967
"Utah",1997,-4.80000300292603,593.764361244135,223.275927321967
"Utah",1998,-20.3000028814335,593.764361244135,223.275927321967
"Utah",1999,-15.8000028039546,593.764361244135,223.275927321967
"Utah",2000,-13.1000021821665,593.764361244135,223.275927321967
"Vermont",1970,-3.21479087092716,15.6591276429883,218.613984950735
"Vermont",1971,-6.25909022843332,15.6591276429883,218.613984950735
"Vermont",1972,0.457409583588799,15.6591276429883,218.613984950735
"Vermont",1973,1.57388667783204,15.6591276429883,218.613984950735
"Vermont",1974,1.39305712015724,15.6591276429883,218.613984950735
"Vermont",1975,-0.189424041128746,15.6591276429883,218.613984950735
"Vermont",1976,9.08265071609864,15.6591276429883,218.613984950735
"Vermont",1977,6.89094948772015,15.6591276429883,218.613984950735
"Vermont",1978,-0.606182481016162,15.6591276429883,218.613984950735
"Vermont",1979,2.0549046766418,15.6591276429883,218.613984950735
"Vermont",1980,0.164715072695003,15.6591276429883,218.613984950735
"Vermont",1981,4.4290876855236,15.6591276429883,218.613984950735
"Vermont",1982,2.5851499650521,15.6591276429883,218.613984950735
"Vermont",1983,1.58652868696061,15.6591276429883,218.613984950735
"Vermont",1984,1.6510990037045,15.6591276429883,218.613984950735
"Vermont",1985,3.62958589835341,15.6591276429883,218.613984950735
"Vermont",1986,-7.04041621785345,15.6591276429883,218.613984950735
"Vermont",1987,-3.80175854857004,15.6591276429883,218.613984950735
"Vermont",1988,0.121696258767543,15.6591276429883,218.613984950735
"Vermont",1989,-3.58089737485285,15.6591276429883,218.613984950735
"Vermont",1990,0.0574844350886963,15.6591276429883,218.613984950735
"Vermont",1991,-1.06109877469075,15.6591276429883,218.613984950735
"Vermont",1992,4.29370012803003,15.6591276429883,218.613984950735
"Vermont",1993,-3.55423385394147,15.6591276429883,218.613984950735
"Vermont",1994,0.149769174655248,15.6591276429883,218.613984950735
"Vermont",1995,1.4861004920235,15.6591276429883,218.613984950735
"Vermont",1996,-20.2254521491876,15.6591276429883,218.613984950735
"Vermont",1997,-26.3884992077448,15.6591276429883,218.613984950735
"Vermont",1998,-22.03686811769,15.6591276429883,218.613984950735
"Vermont",1999,-20.686914681203,15.6591276429883,218.613984950735
"Vermont",2000,-23.6034445205268,15.6591276429883,218.613984950735
"Virginia",1970,3.89478517648021,2.93665568619337,177.079606818371
"Virginia",1971,-1.4284415745345,2.93665568619337,177.079606818371
"Virginia",1972,-1.69218142011906,2.93665568619337,177.079606818371
"Virginia",1973,-3.38653790827436,2.93665568619337,177.079606818371
"Virginia",1974,-1.3819698811734,2.93665568619337,177.079606818371
"Virginia",1975,-0.19567658542752,2.93665568619337,177.079606818371
"Virginia",1976,-0.261606908651174,2.93665568619337,177.079606818371
"Virginia",1977,0.37193512711795,2.93665568619337,177.079606818371
"Virginia",1978,-1.19448988007471,2.93665568619337,177.079606818371
"Virginia",1979,-0.0295954381124659,2.93665568619337,177.079606818371
"Virginia",1980,-3.43823737159798,2.93665568619337,177.079606818371
"Virginia",1981,0.441269946116506,2.93665568619337,177.079606818371
"Virginia",1982,-1.78556930868433,2.93665568619337,177.079606818371
"Virginia",1983,1.06636685209051,2.93665568619337,177.079606818371
"Virginia",1984,0.304861969556953,2.93665568619337,177.079606818371
"Virginia",1985,-0.0490115664859161,2.93665568619337,177.079606818371
"Virginia",1986,1.67111171172954,2.93665568619337,177.079606818371
"Virginia",1987,1.16614235212708,2.93665568619337,177.079606818371
"Virginia",1988,0.287265584036135,2.93665568619337,177.079606818371
"Virginia",1989,-3.66215108065911,2.93665568619337,177.079606818371
"Virginia",1990,-7.11827877866179,2.93665568619337,177.079606818371
"Virginia",1991,-15.8704598247331,2.93665568619337,177.079606818371
"Virginia",1992,-11.4598570308802,2.93665568619337,177.079606818371
"Virginia",1993,-15.4465514738485,2.93665568619337,177.079606818371
"Virginia",1994,-12.4807450820695,2.93665568619337,177.079606818371
"Virginia",1995,-11.296018876771,2.93665568619337,177.079606818371
"Virginia",1996,-10.4011731177363,2.93665568619337,177.079606818371
"Virginia",1997,-18.9567053081961,2.93665568619337,177.079606818371
"Virginia",1998,-20.3394982385417,2.93665568619337,177.079606818371
"Virginia",1999,-12.0762607894473,2.93665568619337,177.079606818371
"Virginia",2000,-11.3418202232241,2.93665568619337,177.079606818371
"West Virginia",1970,3.17577749115257,8.16756957412279,223.98126807025
"West Virginia",1971,-2.16234489463007,8.16756957412279,223.98126807025
"West Virginia",1972,1.1659674027364,8.16756957412279,223.98126807025
"West Virginia",1973,-2.36636435914504,8.16756957412279,223.98126807025
"West Virginia",1974,-2.24076155363767,8.16756957412279,223.98126807025
"West Virginia",1975,0.0716175128274585,8.16756957412279,223.98126807025
"West Virginia",1976,3.14808398415472,8.16756957412279,223.98126807025
"West Virginia",1977,4.19122003616184,8.16756957412279,223.98126807025
"West Virginia",1978,7.3501064313588,8.16756957412279,223.98126807025
"West Virginia",1979,-0.754342017382001,8.16756957412279,223.98126807025
"West Virginia",1980,-0.144192139339296,8.16756957412279,223.98126807025
"West Virginia",1981,-2.05187233963852,8.16756957412279,223.98126807025
"West Virginia",1982,-1.05312432162287,8.16756957412279,223.98126807025
"West Virginia",1983,-1.99859061250535,8.16756957412279,223.98126807025
"West Virginia",1984,-2.47178864330409,8.16756957412279,223.98126807025
"West Virginia",1985,-3.78151948127011,8.16756957412279,223.98126807025
"West Virginia",1986,0.462778597600931,8.16756957412279,223.98126807025
"West Virginia",1987,-3.67930757728642,8.16756957412279,223.98126807025
"West Virginia",1988,1.69465743353244,8.16756957412279,223.98126807025
"West Virginia",1989,-1.28608869542961,8.16756957412279,223.98126807025
"West Virginia",1990,4.25343060828557,8.16756957412279,223.98126807025
"West Virginia",1991,1.47133979283693,8.16756957412279,223.98126807025
"West Virginia",1992,-1.27468312448453,8.16756957412279,223.98126807025
"West Virginia",1993,14.9359854830046,8.16756957412279,223.98126807025
"West Virginia",1994,9.57665740566419,8.16756957412279,223.98126807025
"West Virginia",1995,18.2028878074761,8.16756957412279,223.98126807025
"West Virginia",1996,16.8153253915288,8.16756957412279,223.98126807025
"West Virginia",1997,18.0448692977586,8.16756957412279,223.98126807025
"West Virginia",1998,21.4658542122454,8.16756957412279,223.98126807025
"West Virginia",1999,21.7465285412634,8.16756957412279,223.98126807025
"West Virginia",2000,21.8181537330286,8.16756957412279,223.98126807025
"Wisconsin",1970,1.78826262428919,2.98033577167575,73.9432605861902
"Wisconsin",1971,-1.17458171579629,2.98033577167575,73.9432605861902
"Wisconsin",1972,0.743229938009563,2.98033577167575,73.9432605861902
"Wisconsin",1973,-0.249481805320627,2.98033577167575,73.9432605861902
"Wisconsin",1974,-0.989788367828467,2.98033577167575,73.9432605861902
"Wisconsin",1975,0.0195005411486449,2.98033577167575,73.9432605861902
"Wisconsin",1976,0.0907183743031368,2.98033577167575,73.9432605861902
"Wisconsin",1977,0.299422975549319,2.98033577167575,73.9432605861902
"Wisconsin",1978,-0.824801656631976,2.98033577167575,73.9432605861902
"Wisconsin",1979,0.151430016960404,2.98033577167575,73.9432605861902
"Wisconsin",1980,-0.081815384537208,2.98033577167575,73.9432605861902
"Wisconsin",1981,2.35771900192714,2.98033577167575,73.9432605861902
"Wisconsin",1982,0.288463731020514,2.98033577167575,73.9432605861902
"Wisconsin",1983,-5.18899747005868,2.98033577167575,73.9432605861902
"Wisconsin",1984,-3.56664377179243,2.98033577167575,73.9432605861902
"Wisconsin",1985,-0.716326255748697,2.98033577167575,73.9432605861902
"Wisconsin",1986,-0.946870934007919,2.98033577167575,73.9432605861902
"Wisconsin",1987,1.70242349955248,2.98033577167575,73.9432605861902
"Wisconsin",1988,0.222998040412008,2.98033577167575,73.9432605861902
"Wisconsin",1989,2.53867957958089,2.98033577167575,73.9432605861902
"Wisconsin",1990,5.45529811024832,2.98033577167575,73.9432605861902
"Wisconsin",1991,7.66920084265259,2.98033577167575,73.9432605861902
"Wisconsin",1992,10.3672352027689,2.98033577167575,73.9432605861902
"Wisconsin",1993,7.6554125016809,2.98033577167575,73.9432605861902
"Wisconsin",1994,9.62142932899458,2.98033577167575,73.9432605861902
"Wisconsin",1995,10.815084459181,2.98033577167575,73.9432605861902
"Wisconsin",1996,11.1198265652362,2.98033577167575,73.9432605861902
"Wisconsin",1997,10.0715767189849,2.98033577167575,73.9432605861902
"Wisconsin",1998,9.88531497428333,2.98033577167575,73.9432605861902
"Wisconsin",1999,7.18581727455226,2.98033577167575,73.9432605861902
"Wisconsin",2000,6.49860223325197,2.98033577167575,73.9432605861902
"Wyoming",1970,-3.35984750089958,72.5154583157567,38.5167688113716
"Wyoming",1971,-8.04390479246885,72.5154583157567,38.5167688113716
"Wyoming",1972,-8.78914019730647,72.5154583157567,38.5167688113716
"Wyoming",1973,-10.0151139046406,72.5154583157567,38.5167688113716
"Wyoming",1974,-6.17624243397646,72.5154583157567,38.5167688113716
"Wyoming",1975,7.68237420860669,72.5154583157567,38.5167688113716
"Wyoming",1976,2.69607353748125,72.5154583157567,38.5167688113716
"Wyoming",1977,3.59110922538369,72.5154583157567,38.5167688113716
"Wyoming",1978,6.06410804702915,72.5154583157567,38.5167688113716
"Wyoming",1979,17.3688239046156,72.5154583157567,38.5167688113716
"Wyoming",1980,8.4273797500984,72.5154583157567,38.5167688113716
"Wyoming",1981,12.8911594509518,72.5154583157567,38.5167688113716
"Wyoming",1982,10.089665699213,72.5154583157567,38.5167688113716
"Wyoming",1983,-1.78880517579429,72.5154583157567,38.5167688113716
"Wyoming",1984,-6.37974495173148,72.5154583157567,38.5167688113716
"Wyoming",1985,-5.03581348537206,72.5154583157567,38.5167688113716
"Wyoming",1986,-4.33409136986457,72.5154583157567,38.5167688113716
"Wyoming",1987,-14.6977401054263,72.5154583157567,38.5167688113716
"Wyoming",1988,-5.03961204679911,72.5154583157567,38.5167688113716
"Wyoming",1989,-2.30453878445563,72.5154583157567,38.5167688113716
"Wyoming",1990,-12.5996224166361,72.5154583157567,38.5167688113716
"Wyoming",1991,2.88562032938751,72.5154583157567,38.5167688113716
"Wyoming",1992,5.8960426186968,72.5154583157567,38.5167688113716
"Wyoming",1993,3.92359687490894,72.5154583157567,38.5167688113716
"Wyoming",1994,6.38596538582387,72.5154583157567,38.5167688113716
"Wyoming",1995,10.2290884630007,72.5154583157567,38.5167688113716
"Wyoming",1996,7.45715655745381,72.5154583157567,38.5167688113716
"Wyoming",1997,3.60561327951058,72.5154583157567,38.5167688113716
"Wyoming",1998,-1.30323237396941,72.5154583157567,38.5167688113716
"Wyoming",1999,3.92319939424799,72.5154583157567,38.5167688113716
"Wyoming",2000,-2.92245823883918,72.5154583157567,38.5167688113716
